{"localTime":[1732101160,1732101163,1732101196,1732101199,1732101957,1732101957,1732101987,1732101987],"refrenceMessage":null,"objectName":["Menu","Menu","Menu","Menu","Wrist Menu Invoker","Wrist Menu Invoker","Wrist Menu Invoker","Wrist Menu Invoker"],"hand":["Right","Right","Right","Right","Right","Right","Right","Right"],"interaction":["grasped","ungrasped","grasped","ungrasped","used","used","used","used"],"objectId":["d122201f-2191f93d","d122201f-2191f93d","d122201f-2191f93d","d122201f-2191f93d","cf0c0120-acf5b626","cf0c0120-acf5b626","cf0c0120-acf5b626","cf0c0120-acf5b626"]}