{"localTime":[1731925369,1731925371,1731925469,1731925470,1731925471,1731925472,1731925477,1731925477,1731925480,1731925481,1731925482,1731925483,1731925483,1731925484,1731925844,1731925847,1731925866,1731925867,1731926281,1731926282,1731926292,1731926293,1731926315,1731926316,1731926323,1731926324,1731926344,1731926345],"refrenceMessage":null,"objectName":["Menu","Menu","Wrist Menu Invoker","Wrist Menu Invoker","Menu","Menu","Wrist Menu Invoker","Wrist Menu Invoker","Menu","Menu","Menu","Menu","Menu","Menu","Menu","Menu","Menu","Menu","Menu","Menu","Menu","Menu","Menu","Menu","Menu","Menu","Menu","Menu"],"hand":["Right","Right","Right","Right","Right","Right","Right","Right","Right","Right","Right","Right","Right","Right","Right","Right","Right","Right","Right","Right","Right","Right","Right","Right","Right","Right","Right","Right"],"interaction":["grasped","ungrasped","used","used","grasped","ungrasped","used","used","grasped","ungrasped","grasped","grasped","ungrasped","ungrasped","grasped","ungrasped","grasped","ungrasped","grasped","ungrasped","grasped","ungrasped","grasped","ungrasped","grasped","ungrasped","grasped","ungrasped"],"objectId":["d122201f-2191f93d","d122201f-2191f93d","cf0c0120-acf5b626","cf0c0120-acf5b626","d122201f-2191f93d","d122201f-2191f93d","cf0c0120-acf5b626","cf0c0120-acf5b626","d122201f-2191f93d","d122201f-2191f93d","d122201f-2191f93d","d122201f-2191f93d","d122201f-2191f93d","d122201f-2191f93d","d122201f-2191f93d","d122201f-2191f93d","d122201f-2191f93d","d122201f-2191f93d","d122201f-2191f93d","d122201f-2191f93d","d122201f-2191f93d","d122201f-2191f93d","d122201f-2191f93d","d122201f-2191f93d","d122201f-2191f93d","d122201f-2191f93d","d122201f-2191f93d","d122201f-2191f93d"]}