{"localTime":[1732630980,1732630980,1732630988,1732630990,1732631014,1732631014,1732631016,1732631016,1732631017,1732631017],"refrenceMessage":null,"objectName":["Wrist Menu Invoker","Wrist Menu Invoker","Menu","Menu","Wrist Menu Invoker","Wrist Menu Invoker","Menu","Menu","Menu","Menu"],"hand":["Right","Right","Left","Left","Right","Right","Right","Left","Left","Right"],"interaction":["used","used","grasped","ungrasped","used","used","grasped","grasped","ungrasped","ungrasped"],"objectId":["cf0c0120-acf5b626","cf0c0120-acf5b626","d122201f-2191f93d","d122201f-2191f93d","cf0c0120-acf5b626","cf0c0120-acf5b626","d122201f-2191f93d","d122201f-2191f93d","d122201f-2191f93d","d122201f-2191f93d"]}