{"localTime":[1734436886,1734436888,1734436893,1734436894,1734436910,1734436912,1734437870,1734437871,1734437901,1734437901],"refrenceMessage":null,"objectName":["Menu","Menu","Menu","Menu","Menu","Menu","Wrist Menu Invoker","Wrist Menu Invoker","Wrist Menu Invoker","Wrist Menu Invoker"],"hand":["Right","Right","Right","Right","Right","Right","Right","Right","Right","Right"],"interaction":["grasped","ungrasped","grasped","ungrasped","grasped","ungrasped","used","used","used","used"],"objectId":["d122201f-2191f93d","d122201f-2191f93d","d122201f-2191f93d","d122201f-2191f93d","d122201f-2191f93d","d122201f-2191f93d","cf0c0120-acf5b626","cf0c0120-acf5b626","cf0c0120-acf5b626","cf0c0120-acf5b626"]}