{"localTime":[1733998242,1733998245,1733998246,1733998248,1733998250,1733998252,1733998290,1733998293,1733998822,1733998822,1733999368,1733999370,1733999859,1733999859],"refrenceMessage":null,"objectName":["Menu","Menu","Menu","Menu","Menu","Menu","Menu","Menu","Wrist Menu Invoker","Wrist Menu Invoker","Menu","Menu","Wrist Menu Invoker","Wrist Menu Invoker"],"hand":["Right","Right","Right","Right","Right","Right","Right","Right","Right","Right","Right","Right","Right","Right"],"interaction":["grasped","ungrasped","grasped","ungrasped","grasped","ungrasped","grasped","ungrasped","used","used","grasped","ungrasped","used","used"],"objectId":["d122201f-2191f93d","d122201f-2191f93d","d122201f-2191f93d","d122201f-2191f93d","d122201f-2191f93d","d122201f-2191f93d","d122201f-2191f93d","d122201f-2191f93d","cf0c0120-acf5b626","cf0c0120-acf5b626","d122201f-2191f93d","d122201f-2191f93d","cf0c0120-acf5b626","cf0c0120-acf5b626"]}