{"localTime":[1734354626,1734354628,1734354628,1734354629,1734355100,1734355102,1734355170,1734355174,1734355886,1734355888,1734356317,1734356317,1734356320,1734356321],"refrenceMessage":null,"objectName":["Menu","Menu","Menu","Menu","Menu","Menu","Menu","Menu","Menu","Menu","Wrist Menu Invoker","Wrist Menu Invoker","Menu","Menu"],"hand":["Right","Right","Right","Right","Right","Right","Right","Right","Right","Right","Right","Right","Right","Right"],"interaction":["grasped","ungrasped","grasped","ungrasped","grasped","ungrasped","grasped","ungrasped","grasped","ungrasped","used","used","grasped","ungrasped"],"objectId":["d122201f-2191f93d","d122201f-2191f93d","d122201f-2191f93d","d122201f-2191f93d","d122201f-2191f93d","d122201f-2191f93d","d122201f-2191f93d","d122201f-2191f93d","d122201f-2191f93d","d122201f-2191f93d","cf0c0120-acf5b626","cf0c0120-acf5b626","d122201f-2191f93d","d122201f-2191f93d"]}