{"localTime":[1732180531,1732180531,1732180532,1732180532,1732180534,1732180534,1732180534,1732180534,1732180540,1732180540,1732180541,1732180541,1732180545,1732180547,1732180986,1732180991,1732180999,1732181001,1732181692,1732181692,1732181737,1732181738,1732181745,1732181745,1732181782,1732181783],"refrenceMessage":null,"objectName":["Menu","Menu","Menu","Menu","Menu","Menu","Menu","Menu","Menu","Menu","Menu","Menu","Menu","Menu","Menu","Menu","Menu","Menu","Wrist Menu Invoker","Wrist Menu Invoker","Menu","Menu","Wrist Menu Invoker","Wrist Menu Invoker","Wrist Menu Invoker","Wrist Menu Invoker"],"hand":["Right","Left","Left","Right","Right","Left","Left","Right","Right","Left","Left","Right","Right","Right","Right","Right","Right","Right","Right","Right","Right","Right","Right","Right","Right","Right"],"interaction":["grasped","grasped","ungrasped","ungrasped","grasped","grasped","ungrasped","ungrasped","grasped","grasped","ungrasped","ungrasped","grasped","ungrasped","grasped","ungrasped","grasped","ungrasped","used","used","grasped","ungrasped","used","used","used","used"],"objectId":["d122201f-2191f93d","d122201f-2191f93d","d122201f-2191f93d","d122201f-2191f93d","d122201f-2191f93d","d122201f-2191f93d","d122201f-2191f93d","d122201f-2191f93d","d122201f-2191f93d","d122201f-2191f93d","d122201f-2191f93d","d122201f-2191f93d","d122201f-2191f93d","d122201f-2191f93d","d122201f-2191f93d","d122201f-2191f93d","d122201f-2191f93d","d122201f-2191f93d","cf0c0120-acf5b626","cf0c0120-acf5b626","d122201f-2191f93d","d122201f-2191f93d","cf0c0120-acf5b626","cf0c0120-acf5b626","cf0c0120-acf5b626","cf0c0120-acf5b626"]}