{"localTime":[1733919346,1733919346,1733919347,1733919347,1733919355,1733919356,1733919673,1733919673,1733919678,1733919680,1733920066,1733920067,1733920073,1733920076,1733920679,1733920679],"refrenceMessage":null,"objectName":["Wrist Menu Invoker","Wrist Menu Invoker","Wrist Menu Invoker","Wrist Menu Invoker","Wrist Menu Invoker","Wrist Menu Invoker","Wrist Menu Invoker","Wrist Menu Invoker","Menu","Menu","Wrist Menu Invoker","Wrist Menu Invoker","Menu","Menu","Wrist Menu Invoker","Wrist Menu Invoker"],"hand":["Right","Right","Right","Right","Right","Right","Right","Right","Right","Right","Right","Right","Right","Right","Right","Right"],"interaction":["used","used","used","used","used","used","used","used","grasped","ungrasped","used","used","grasped","ungrasped","used","used"],"objectId":["cf0c0120-acf5b626","cf0c0120-acf5b626","cf0c0120-acf5b626","cf0c0120-acf5b626","cf0c0120-acf5b626","cf0c0120-acf5b626","cf0c0120-acf5b626","cf0c0120-acf5b626","d122201f-2191f93d","d122201f-2191f93d","cf0c0120-acf5b626","cf0c0120-acf5b626","d122201f-2191f93d","d122201f-2191f93d","cf0c0120-acf5b626","cf0c0120-acf5b626"]}