{"localTime":[1732792554,1732792554,1732792571,1732792574,1732792575,1732792580,1732792602,1732792610,1732793029,1732793029,1732793598,1732793598],"refrenceMessage":null,"objectName":["Wrist Menu Invoker","Wrist Menu Invoker","Menu","Menu","Menu","Menu","Menu","Menu","Wrist Menu Invoker","Wrist Menu Invoker","Wrist Menu Invoker","Wrist Menu Invoker"],"hand":["Right","Right","Right","Right","Right","Right","Right","Right","Right","Right","Right","Right"],"interaction":["used","used","grasped","ungrasped","grasped","ungrasped","grasped","ungrasped","used","used","used","used"],"objectId":["cf0c0120-acf5b626","cf0c0120-acf5b626","d122201f-2191f93d","d122201f-2191f93d","d122201f-2191f93d","d122201f-2191f93d","d122201f-2191f93d","d122201f-2191f93d","cf0c0120-acf5b626","cf0c0120-acf5b626","cf0c0120-acf5b626","cf0c0120-acf5b626"]}