{"localTime":[1732183589,1732183591,1732183601,1732183602,1732183648,1732183658,1732183670,1732183672,1732183676,1732183682,1732183699,1732183701,1732183703,1732183703,1732183724,1732183725,1732183750,1732183751,1732184224,1732184224,1732184969,1732184969,1732184983,1732184984,1732185018,1732185019],"refrenceMessage":null,"objectName":["Menu","Menu","Menu","Menu","Menu","Menu","Menu","Menu","Menu","Menu","Menu","Menu","Menu","Menu","Menu","Menu","Menu","Menu","Wrist Menu Invoker","Wrist Menu Invoker","Wrist Menu Invoker","Wrist Menu Invoker","Menu","Menu","Wrist Menu Invoker","Wrist Menu Invoker"],"hand":["Right","Right","Right","Right","Right","Right","Right","Right","Right","Right","Right","Right","Right","Right","Right","Right","Right","Right","Right","Right","Right","Right","Right","Right","Right","Right"],"interaction":["grasped","ungrasped","grasped","ungrasped","grasped","ungrasped","grasped","ungrasped","grasped","ungrasped","grasped","ungrasped","grasped","ungrasped","grasped","ungrasped","grasped","ungrasped","used","used","used","used","grasped","ungrasped","used","used"],"objectId":["d122201f-2191f93d","d122201f-2191f93d","d122201f-2191f93d","d122201f-2191f93d","d122201f-2191f93d","d122201f-2191f93d","d122201f-2191f93d","d122201f-2191f93d","d122201f-2191f93d","d122201f-2191f93d","d122201f-2191f93d","d122201f-2191f93d","d122201f-2191f93d","d122201f-2191f93d","d122201f-2191f93d","d122201f-2191f93d","d122201f-2191f93d","d122201f-2191f93d","cf0c0120-acf5b626","cf0c0120-acf5b626","cf0c0120-acf5b626","cf0c0120-acf5b626","d122201f-2191f93d","d122201f-2191f93d","cf0c0120-acf5b626","cf0c0120-acf5b626"]}