{"localTime":[1733823213,1733823213,1733823218,1733823219,1733823233,1733823233,1733823235,1733823235],"refrenceMessage":null,"objectName":["Wrist Menu Invoker","Wrist Menu Invoker","Menu","Menu","Wrist Menu Invoker","Wrist Menu Invoker","Menu","Menu"],"hand":["Right","Right","Right","Right","Right","Right","Right","Right"],"interaction":["used","used","grasped","ungrasped","used","used","grasped","ungrasped"],"objectId":["cf0c0120-acf5b626","cf0c0120-acf5b626","d122201f-2191f93d","d122201f-2191f93d","cf0c0120-acf5b626","cf0c0120-acf5b626","d122201f-2191f93d","d122201f-2191f93d"]}