{"localTime":[1732626250,1732626252,1732626283,1732626284,1732627346,1732627346,1732627348,1732627349,1732627372,1732627373,1732627374,1732627375],"refrenceMessage":null,"objectName":["Menu","Menu","Menu","Menu","Wrist Menu Invoker","Wrist Menu Invoker","Menu","Menu","Wrist Menu Invoker","Wrist Menu Invoker","Menu","Menu"],"hand":["Right","Right","Right","Right","Right","Right","Right","Right","Right","Right","Right","Right"],"interaction":["grasped","ungrasped","grasped","ungrasped","used","used","grasped","ungrasped","used","used","grasped","ungrasped"],"objectId":["d122201f-2191f93d","d122201f-2191f93d","d122201f-2191f93d","d122201f-2191f93d","cf0c0120-acf5b626","cf0c0120-acf5b626","d122201f-2191f93d","d122201f-2191f93d","cf0c0120-acf5b626","cf0c0120-acf5b626","d122201f-2191f93d","d122201f-2191f93d"]}