{"localTime":[1733916456,1733916456,1733916458,1733916458,1733916521,1733916521,1733916597,1733916597],"refrenceMessage":null,"objectName":["Wrist Menu Invoker","Wrist Menu Invoker","Wrist Menu Invoker","Wrist Menu Invoker","Wrist Menu Invoker","Wrist Menu Invoker","Wrist Menu Invoker","Wrist Menu Invoker"],"hand":["Right","Right","Right","Right","Right","Right","Right","Right"],"interaction":["used","used","used","used","used","used","used","used"],"objectId":["cf0c0120-acf5b626","cf0c0120-acf5b626","cf0c0120-acf5b626","cf0c0120-acf5b626","cf0c0120-acf5b626","cf0c0120-acf5b626","cf0c0120-acf5b626","cf0c0120-acf5b626"]}