{"localTime":[1733314507,1733314507,1733314508,1733314508,1733314510,1733314512,1733314796,1733314797,1733314801,1733314803,1733314805,1733314806,1733315286,1733315286,1733315286,1733315286,1733315287,1733315287,1733315287,1733315287,1733315287,1733315287,1733315287,1733315287,1733315287,1733315287,1733315289,1733315290,1733315519,1733315520,1733315523,1733315525],"refrenceMessage":null,"objectName":["Wrist Menu Invoker","Wrist Menu Invoker","Wrist Menu Invoker","Wrist Menu Invoker","Menu","Menu","Menu","Menu","Menu","Menu","Menu","Menu","Wrist Menu Invoker","Wrist Menu Invoker","Wrist Menu Invoker","Wrist Menu Invoker","Wrist Menu Invoker","Wrist Menu Invoker","Wrist Menu Invoker","Wrist Menu Invoker","Wrist Menu Invoker","Wrist Menu Invoker","Wrist Menu Invoker","Wrist Menu Invoker","Wrist Menu Invoker","Wrist Menu Invoker","Menu","Menu","Menu","Menu","Menu","Menu"],"hand":["Right","Right","Right","Right","Right","Right","Right","Right","Right","Right","Right","Right","Right","Right","Right","Right","Right","Right","Right","Right","Right","Right","Right","Right","Right","Right","Right","Right","Right","Right","Right","Right"],"interaction":["used","used","used","used","grasped","ungrasped","grasped","ungrasped","grasped","ungrasped","grasped","ungrasped","used","used","used","used","used","used","used","used","used","used","used","used","used","used","grasped","ungrasped","grasped","ungrasped","grasped","ungrasped"],"objectId":["cf0c0120-acf5b626","cf0c0120-acf5b626","cf0c0120-acf5b626","cf0c0120-acf5b626","d122201f-2191f93d","d122201f-2191f93d","d122201f-2191f93d","d122201f-2191f93d","d122201f-2191f93d","d122201f-2191f93d","d122201f-2191f93d","d122201f-2191f93d","cf0c0120-acf5b626","cf0c0120-acf5b626","cf0c0120-acf5b626","cf0c0120-acf5b626","cf0c0120-acf5b626","cf0c0120-acf5b626","cf0c0120-acf5b626","cf0c0120-acf5b626","cf0c0120-acf5b626","cf0c0120-acf5b626","cf0c0120-acf5b626","cf0c0120-acf5b626","cf0c0120-acf5b626","cf0c0120-acf5b626","d122201f-2191f93d","d122201f-2191f93d","d122201f-2191f93d","d122201f-2191f93d","d122201f-2191f93d","d122201f-2191f93d"]}