{"localTime":[1734525012,1734525012,1734525017,1734525018,1734525025,1734525025,1734525038,1734525039,1734525075,1734525076],"refrenceMessage":null,"objectName":["Wrist Menu Invoker","Wrist Menu Invoker","Menu","Menu","Wrist Menu Invoker","Wrist Menu Invoker","Menu","Menu","Wrist Menu Invoker","Wrist Menu Invoker"],"hand":["Right","Right","Right","Right","Right","Right","Right","Right","Right","Right"],"interaction":["used","used","grasped","ungrasped","used","used","grasped","ungrasped","used","used"],"objectId":["cf0c0120-acf5b626","cf0c0120-acf5b626","d122201f-2191f93d","d122201f-2191f93d","cf0c0120-acf5b626","cf0c0120-acf5b626","d122201f-2191f93d","d122201f-2191f93d","cf0c0120-acf5b626","cf0c0120-acf5b626"]}