{"localTime":[1734448614,1734448615,1734449277,1734449280,1734449334,1734449334,1734449623,1734449623,1734449719,1734449719,1734449719,1734449720,1734449751,1734449751],"refrenceMessage":null,"objectName":["Menu","Menu","Wrist Menu Invoker","Wrist Menu Invoker","Wrist Menu Invoker","Wrist Menu Invoker","Wrist Menu Invoker","Wrist Menu Invoker","Wrist Menu Invoker","Wrist Menu Invoker","Wrist Menu Invoker","Wrist Menu Invoker","Wrist Menu Invoker","Wrist Menu Invoker"],"hand":["Right","Right","Right","Right","Right","Right","Right","Right","Right","Right","Right","Right","Right","Right"],"interaction":["grasped","ungrasped","used","used","used","used","used","used","used","used","used","used","used","used"],"objectId":["d122201f-2191f93d","d122201f-2191f93d","cf0c0120-acf5b626","cf0c0120-acf5b626","cf0c0120-acf5b626","cf0c0120-acf5b626","cf0c0120-acf5b626","cf0c0120-acf5b626","cf0c0120-acf5b626","cf0c0120-acf5b626","cf0c0120-acf5b626","cf0c0120-acf5b626","cf0c0120-acf5b626","cf0c0120-acf5b626"]}