{"localTime":[1734362576,1734362577,1734362581,1734362581,1734363255,1734363255,1734363256,1734363257,1734364048,1734364048],"refrenceMessage":null,"objectName":["Wrist Menu Invoker","Wrist Menu Invoker","Wrist Menu Invoker","Wrist Menu Invoker","Wrist Menu Invoker","Wrist Menu Invoker","Wrist Menu Invoker","Wrist Menu Invoker","Wrist Menu Invoker","Wrist Menu Invoker"],"hand":["Right","Right","Right","Right","Right","Right","Right","Right","Right","Right"],"interaction":["used","used","used","used","used","used","used","used","used","used"],"objectId":["cf0c0120-acf5b626","cf0c0120-acf5b626","cf0c0120-acf5b626","cf0c0120-acf5b626","cf0c0120-acf5b626","cf0c0120-acf5b626","cf0c0120-acf5b626","cf0c0120-acf5b626","cf0c0120-acf5b626","cf0c0120-acf5b626"]}