{"localTime":[1733490759,1733490759,1733490760,1733490760,1733491736,1733491736,1733491739,1733491739,1733491740,1733491740,1733491744,1733491744,1733491774,1733491775,1733491776,1733491777],"refrenceMessage":null,"objectName":["Menu","Menu","Menu","Menu","Wrist Menu Invoker","Wrist Menu Invoker","Menu","Menu","Menu","Menu","Menu","Menu","Wrist Menu Invoker","Wrist Menu Invoker","Menu","Menu"],"hand":["Left","Right","Right","Left","Right","Right","Right","Left","Left","Right","Left","Left","Right","Right","Right","Right"],"interaction":["grasped","grasped","ungrasped","ungrasped","used","used","grasped","grasped","ungrasped","ungrasped","grasped","ungrasped","used","used","grasped","ungrasped"],"objectId":["d122201f-2191f93d","d122201f-2191f93d","d122201f-2191f93d","d122201f-2191f93d","cf0c0120-acf5b626","cf0c0120-acf5b626","d122201f-2191f93d","d122201f-2191f93d","d122201f-2191f93d","d122201f-2191f93d","d122201f-2191f93d","d122201f-2191f93d","cf0c0120-acf5b626","cf0c0120-acf5b626","d122201f-2191f93d","d122201f-2191f93d"]}