{"localTime":[1731925385,1731925396,1731925397,1731925397,1731925843,1731925844,1731926309,1731926310,1731926314,1731926315,1731926335,1731926335],"refrenceMessage":null,"objectName":["Menu","Menu","Menu","Menu","Menu","Menu","Wrist Menu Invoker","Wrist Menu Invoker","Menu","Menu","Wrist Menu Invoker","Wrist Menu Invoker"],"hand":["Left","Left","Right","Right","Right","Right","Right","Right","Left","Left","Right","Right"],"interaction":["grasped","ungrasped","ungrasped","grasped","grasped","ungrasped","used","used","grasped","ungrasped","used","used"],"objectId":["d122201f-2191f93d","d122201f-2191f93d","d122201f-2191f93d","d122201f-2191f93d","d122201f-2191f93d","d122201f-2191f93d","cf0c0120-acf5b626","cf0c0120-acf5b626","d122201f-2191f93d","d122201f-2191f93d","cf0c0120-acf5b626","cf0c0120-acf5b626"]}