{"localTime":[1734693087,1734693089,1734693941,1734693942,1734693948,1734693949,1734693970,1734693970,1734693972,1734693973],"refrenceMessage":null,"objectName":["Menu","Menu","Wrist Menu Invoker","Wrist Menu Invoker","Menu","Menu","Wrist Menu Invoker","Wrist Menu Invoker","Menu","Menu"],"hand":["Left","Left","Right","Right","Left","Left","Right","Right","Left","Left"],"interaction":["grasped","ungrasped","used","used","grasped","ungrasped","used","used","grasped","ungrasped"],"objectId":["d122201f-2191f93d","d122201f-2191f93d","cf0c0120-acf5b626","cf0c0120-acf5b626","d122201f-2191f93d","d122201f-2191f93d","cf0c0120-acf5b626","cf0c0120-acf5b626","d122201f-2191f93d","d122201f-2191f93d"]}