{"localTime":[1732613152,1732613152,1732613155,1732613155,1732613174,1732613176,1732613179,1732613179,1732613181,1732613181,1732614199,1732614200,1732614239,1732614239],"refrenceMessage":null,"objectName":["Menu","Menu","Menu","Menu","Menu","Menu","Menu","Menu","Menu","Menu","Wrist Menu Invoker","Wrist Menu Invoker","Wrist Menu Invoker","Wrist Menu Invoker"],"hand":["Left","Right","Left","Right","Right","Right","Left","Right","Right","Left","Right","Right","Right","Right"],"interaction":["grasped","grasped","ungrasped","ungrasped","grasped","ungrasped","grasped","grasped","ungrasped","ungrasped","used","used","used","used"],"objectId":["d122201f-2191f93d","d122201f-2191f93d","d122201f-2191f93d","d122201f-2191f93d","d122201f-2191f93d","d122201f-2191f93d","d122201f-2191f93d","d122201f-2191f93d","d122201f-2191f93d","d122201f-2191f93d","cf0c0120-acf5b626","cf0c0120-acf5b626","cf0c0120-acf5b626","cf0c0120-acf5b626"]}