{"localTime":[1733919201,1733919202,1733920098,1733920098,1733920167,1733920167,1733920167,1733920168],"refrenceMessage":null,"objectName":["Menu","Menu","Wrist Menu Invoker","Wrist Menu Invoker","Wrist Menu Invoker","Wrist Menu Invoker","Wrist Menu Invoker","Wrist Menu Invoker"],"hand":["Left","Left","Right","Right","Right","Right","Right","Right"],"interaction":["grasped","ungrasped","used","used","used","used","used","used"],"objectId":["d122201f-2191f93d","d122201f-2191f93d","cf0c0120-acf5b626","cf0c0120-acf5b626","cf0c0120-acf5b626","cf0c0120-acf5b626","cf0c0120-acf5b626","cf0c0120-acf5b626"]}