{"localTime":[1733408346,1733408348,1733408370,1733408372,1733408374,1733408378,1733408381,1733408382,1733408820,1733408822,1733409350,1733409351,1733409366,1733409367],"refrenceMessage":null,"objectName":["Menu","Menu","Menu","Menu","Menu","Menu","Menu","Menu","Menu","Menu","Wrist Menu Invoker","Wrist Menu Invoker","Wrist Menu Invoker","Wrist Menu Invoker"],"hand":["Right","Right","Right","Right","Right","Right","Right","Right","Right","Right","Right","Right","Right","Right"],"interaction":["grasped","ungrasped","grasped","ungrasped","grasped","ungrasped","grasped","ungrasped","grasped","ungrasped","used","used","used","used"],"objectId":["d122201f-2191f93d","d122201f-2191f93d","d122201f-2191f93d","d122201f-2191f93d","d122201f-2191f93d","d122201f-2191f93d","d122201f-2191f93d","d122201f-2191f93d","d122201f-2191f93d","d122201f-2191f93d","cf0c0120-acf5b626","cf0c0120-acf5b626","cf0c0120-acf5b626","cf0c0120-acf5b626"]}