{"rootPos":[{"x":0.0,"y":0.0,"z":0.0},{"x":0.0,"y":0.0,"z":0.0},{"x":0.0,"y":0.0,"z":0.0},{"x":0.0,"y":0.0,"z":0.0},{"x":0.0,"y":0.0,"z":0.0},{"x":0.0,"y":0.0,"z":0.0},{"x":0.0,"y":0.0,"z":0.0},{"x":0.0,"y":0.0,"z":0.0},{"x":0.0,"y":0.0,"z":0.0},{"x":0.0,"y":0.0,"z":0.0},{"x":0.0,"y":0.0,"z":0.0},{"x":0.0,"y":0.0,"z":0.0},{"x":0.0,"y":0.0,"z":0.0},{"x":0.0,"y":0.0,"z":0.0},{"x":0.0,"y":0.0,"z":0.0},{"x":0.0,"y":0.0,"z":0.0},{"x":0.0,"y":0.0,"z":0.0},{"x":0.0,"y":0.0,"z":0.0},{"x":0.0,"y":0.0,"z":0.0},{"x":0.0,"y":0.0,"z":0.0},{"x":0.0,"y":0.0,"z":0.0},{"x":0.0,"y":0.0,"z":0.0},{"x":0.0,"y":0.0,"z":0.0},{"x":0.0,"y":0.0,"z":0.0},{"x":0.0,"y":0.0,"z":0.0},{"x":0.0,"y":0.0,"z":0.0},{"x":0.0,"y":0.0,"z":0.0},{"x":0.0,"y":0.0,"z":0.0},{"x":0.0,"y":0.0,"z":0.0},{"x":0.0,"y":0.0,"z":0.0},{"x":0.0,"y":0.0,"z":0.0},{"x":0.0,"y":0.0,"z":0.0},{"x":0.0,"y":0.0,"z":0.0},{"x":0.0,"y":0.0,"z":0.0},{"x":0.0,"y":0.0,"z":0.0},{"x":0.0,"y":0.0,"z":0.0},{"x":0.0,"y":0.0,"z":0.0},{"x":0.0,"y":0.0,"z":0.0},{"x":0.0,"y":0.0,"z":0.0},{"x":0.0,"y":0.0,"z":0.0},{"x":0.0,"y":0.0,"z":0.0},{"x":0.0,"y":0.0,"z":0.0},{"x":0.0,"y":0.0,"z":0.0},{"x":0.0,"y":0.0,"z":0.0},{"x":0.0,"y":0.0,"z":0.0},{"x":0.0,"y":0.0,"z":0.0},{"x":0.0,"y":0.0,"z":0.0},{"x":0.0,"y":0.0,"z":0.0},{"x":0.0,"y":0.0,"z":0.0},{"x":0.0,"y":0.0,"z":0.0},{"x":0.0,"y":0.0,"z":0.0},{"x":0.0,"y":0.0,"z":0.0},{"x":0.0,"y":0.0,"z":0.0},{"x":0.0,"y":0.0,"z":0.0},{"x":0.0,"y":0.0,"z":0.0},{"x":0.0,"y":0.0,"z":0.0},{"x":0.0,"y":0.0,"z":0.0},{"x":0.0,"y":0.0,"z":0.0},{"x":0.0,"y":0.0,"z":0.0},{"x":0.0,"y":0.0,"z":0.0},{"x":0.0,"y":0.0,"z":0.0},{"x":0.0,"y":0.0,"z":0.0},{"x":0.0,"y":0.0,"z":0.0},{"x":0.0,"y":0.0,"z":0.0},{"x":0.0,"y":0.0,"z":0.0},{"x":0.0,"y":0.0,"z":0.0},{"x":0.0,"y":0.0,"z":0.0},{"x":0.0,"y":0.0,"z":0.0},{"x":0.0,"y":0.0,"z":0.0},{"x":0.0,"y":0.0,"z":0.0},{"x":0.0,"y":0.0,"z":0.0},{"x":0.0,"y":0.0,"z":0.0},{"x":0.0,"y":0.0,"z":0.0},{"x":0.0,"y":0.0,"z":0.0},{"x":0.0,"y":0.0,"z":0.0},{"x":0.0,"y":0.0,"z":0.0},{"x":0.0,"y":0.0,"z":0.0},{"x":0.0,"y":0.0,"z":0.0},{"x":0.0,"y":0.0,"z":0.0},{"x":0.0,"y":0.0,"z":0.0},{"x":0.0,"y":0.0,"z":0.0},{"x":0.0,"y":0.0,"z":0.0},{"x":0.0,"y":0.0,"z":0.0},{"x":0.0,"y":0.0,"z":0.0},{"x":0.0,"y":0.0,"z":0.0},{"x":0.0,"y":0.0,"z":0.0},{"x":0.0,"y":0.0,"z":0.0},{"x":0.0,"y":0.0,"z":0.0},{"x":0.0,"y":0.0,"z":0.0},{"x":0.0,"y":0.0,"z":0.0},{"x":0.0,"y":0.0,"z":0.0},{"x":0.0,"y":0.0,"z":0.0},{"x":0.0,"y":0.0,"z":0.0},{"x":0.0,"y":0.0,"z":0.0},{"x":0.0,"y":0.0,"z":0.0},{"x":0.0,"y":0.0,"z":0.0},{"x":0.0,"y":0.0,"z":0.0},{"x":0.0,"y":0.0,"z":0.0},{"x":0.0,"y":0.0,"z":0.0},{"x":0.0,"y":0.0,"z":0.0},{"x":0.0,"y":0.0,"z":0.0},{"x":0.0,"y":0.0,"z":0.0},{"x":0.0,"y":0.0,"z":0.0},{"x":0.0,"y":0.0,"z":0.0},{"x":0.0,"y":0.0,"z":0.0},{"x":0.0,"y":0.0,"z":0.0},{"x":0.0,"y":0.0,"z":0.0},{"x":0.0,"y":0.0,"z":0.0},{"x":0.0,"y":0.0,"z":0.0},{"x":0.0,"y":0.0,"z":0.0},{"x":0.0,"y":0.0,"z":0.0},{"x":0.0,"y":0.0,"z":0.0},{"x":0.0,"y":0.0,"z":0.0},{"x":0.0,"y":0.0,"z":0.0},{"x":0.0,"y":0.0,"z":0.0},{"x":0.0,"y":0.0,"z":0.0},{"x":0.0,"y":0.0,"z":0.0},{"x":0.0,"y":0.0,"z":0.0},{"x":0.0,"y":0.0,"z":0.0},{"x":0.0,"y":0.0,"z":0.0},{"x":0.0,"y":0.0,"z":0.0},{"x":0.0,"y":0.0,"z":0.0},{"x":0.0,"y":0.0,"z":0.0},{"x":0.0,"y":0.0,"z":0.0},{"x":0.0,"y":0.0,"z":0.0},{"x":0.0,"y":0.0,"z":0.0},{"x":0.0,"y":0.0,"z":0.0},{"x":0.0,"y":0.0,"z":0.0},{"x":0.0,"y":0.0,"z":0.0},{"x":0.0,"y":0.0,"z":0.0},{"x":0.0,"y":0.0,"z":0.0},{"x":0.0,"y":0.0,"z":0.0},{"x":0.0,"y":0.0,"z":0.0},{"x":0.0,"y":0.0,"z":0.0},{"x":0.0,"y":0.0,"z":0.0},{"x":0.0,"y":0.0,"z":0.0},{"x":0.0,"y":0.0,"z":0.0},{"x":0.0,"y":0.0,"z":0.0},{"x":0.0,"y":0.0,"z":0.0},{"x":0.0,"y":0.0,"z":0.0},{"x":0.0,"y":0.0,"z":0.0},{"x":0.0,"y":0.0,"z":0.0},{"x":0.0,"y":0.0,"z":0.0},{"x":0.0,"y":0.0,"z":0.0},{"x":0.0,"y":0.0,"z":0.0},{"x":0.0,"y":0.0,"z":0.0},{"x":0.0,"y":0.0,"z":0.0},{"x":0.0,"y":0.0,"z":0.0},{"x":0.0,"y":0.0,"z":0.0},{"x":0.0,"y":0.0,"z":0.0},{"x":0.0,"y":0.0,"z":0.0},{"x":0.0,"y":0.0,"z":0.0},{"x":0.0,"y":0.0,"z":0.0},{"x":0.0,"y":0.0,"z":0.0},{"x":0.0,"y":0.0,"z":0.0},{"x":0.0,"y":0.0,"z":0.0},{"x":0.0,"y":0.0,"z":0.0},{"x":0.0,"y":0.0,"z":0.0},{"x":0.0,"y":0.0,"z":0.0},{"x":0.0,"y":0.0,"z":0.0},{"x":0.0,"y":0.0,"z":0.0},{"x":0.0,"y":0.0,"z":0.0},{"x":0.0,"y":0.0,"z":0.0},{"x":0.0,"y":0.0,"z":0.0},{"x":0.0,"y":0.0,"z":0.0},{"x":0.0,"y":0.0,"z":0.0},{"x":0.0,"y":0.0,"z":0.0},{"x":0.0,"y":0.0,"z":0.0},{"x":0.0,"y":0.0,"z":0.0},{"x":0.0,"y":0.0,"z":0.0},{"x":0.0,"y":0.0,"z":0.0},{"x":0.0,"y":0.0,"z":0.0},{"x":0.0,"y":0.0,"z":0.0},{"x":0.0,"y":0.0,"z":0.0},{"x":0.0,"y":0.0,"z":0.0},{"x":0.0,"y":0.0,"z":0.0},{"x":0.0,"y":0.0,"z":0.0},{"x":0.0,"y":0.0,"z":0.0},{"x":0.0,"y":0.0,"z":0.0},{"x":0.0,"y":0.0,"z":0.0},{"x":0.0,"y":0.0,"z":0.0},{"x":0.0,"y":0.0,"z":0.0},{"x":0.0,"y":0.0,"z":0.0},{"x":0.0,"y":0.0,"z":0.0},{"x":0.0,"y":0.0,"z":0.0},{"x":0.0,"y":0.0,"z":0.0},{"x":0.0,"y":0.0,"z":0.0},{"x":0.0,"y":0.0,"z":0.0},{"x":0.0,"y":0.0,"z":0.0},{"x":0.0,"y":0.0,"z":0.0},{"x":0.0,"y":0.0,"z":0.0},{"x":0.0,"y":0.0,"z":0.0},{"x":0.0,"y":0.0,"z":0.0},{"x":0.0,"y":0.0,"z":0.0},{"x":0.0,"y":0.0,"z":0.0},{"x":0.0,"y":0.0,"z":0.0},{"x":0.0,"y":0.0,"z":0.0},{"x":0.0,"y":0.0,"z":0.0},{"x":0.0,"y":0.0,"z":0.0},{"x":0.0,"y":0.0,"z":0.0},{"x":0.0,"y":0.0,"z":0.0},{"x":0.0,"y":0.0,"z":0.0},{"x":0.0,"y":0.0,"z":0.0},{"x":0.0,"y":0.0,"z":0.0},{"x":0.0,"y":0.0,"z":0.0},{"x":0.0,"y":0.0,"z":0.0},{"x":0.0,"y":0.0,"z":0.0},{"x":0.0,"y":0.0,"z":0.0},{"x":0.0,"y":0.0,"z":0.0},{"x":0.0,"y":0.0,"z":0.0},{"x":0.0,"y":0.0,"z":0.0},{"x":0.0,"y":0.0,"z":0.0},{"x":0.0,"y":0.0,"z":0.0},{"x":0.0,"y":0.0,"z":0.0},{"x":0.0,"y":0.0,"z":0.0},{"x":0.0,"y":0.0,"z":0.0},{"x":0.0,"y":0.0,"z":0.0},{"x":0.0,"y":0.0,"z":0.0},{"x":0.0,"y":0.0,"z":0.0},{"x":0.0,"y":0.0,"z":0.0},{"x":0.0,"y":0.0,"z":0.0},{"x":0.0,"y":0.0,"z":0.0},{"x":0.0,"y":0.0,"z":0.0},{"x":0.0,"y":0.0,"z":0.0},{"x":0.0,"y":0.0,"z":0.0},{"x":0.0,"y":0.0,"z":0.0},{"x":0.0,"y":0.0,"z":0.0},{"x":0.0,"y":0.0,"z":0.0},{"x":0.0,"y":0.0,"z":0.0},{"x":0.0,"y":0.0,"z":0.0},{"x":0.0,"y":0.0,"z":0.0},{"x":0.0,"y":0.0,"z":0.0},{"x":0.0,"y":0.0,"z":0.0},{"x":0.0,"y":0.0,"z":0.0},{"x":0.0,"y":0.0,"z":0.0},{"x":0.0,"y":0.0,"z":0.0},{"x":0.0,"y":0.0,"z":0.0},{"x":0.0,"y":0.0,"z":0.0},{"x":0.0,"y":0.0,"z":0.0},{"x":0.0,"y":0.0,"z":0.0},{"x":0.0,"y":0.0,"z":0.0},{"x":0.0,"y":0.0,"z":0.0},{"x":0.0,"y":0.0,"z":0.0},{"x":0.0,"y":0.0,"z":0.0},{"x":0.0,"y":0.0,"z":0.0},{"x":0.0,"y":0.0,"z":0.0},{"x":0.0,"y":0.0,"z":0.0},{"x":0.0,"y":0.0,"z":0.0},{"x":0.0,"y":0.0,"z":0.0},{"x":0.0,"y":0.0,"z":0.0},{"x":0.0,"y":0.0,"z":0.0},{"x":0.0,"y":0.0,"z":0.0},{"x":0.0,"y":0.0,"z":0.0},{"x":0.0,"y":0.0,"z":0.0},{"x":0.0,"y":0.0,"z":0.0},{"x":0.0,"y":0.0,"z":0.0},{"x":0.0,"y":0.0,"z":0.0},{"x":0.0,"y":0.0,"z":0.0},{"x":0.0,"y":0.0,"z":0.0},{"x":0.0,"y":0.0,"z":0.0},{"x":0.0,"y":0.0,"z":0.0},{"x":0.0,"y":0.0,"z":0.0},{"x":0.0,"y":0.0,"z":0.0},{"x":0.0,"y":0.0,"z":0.0},{"x":0.0,"y":0.0,"z":0.0},{"x":0.0,"y":0.0,"z":0.0},{"x":0.0,"y":0.0,"z":0.0},{"x":0.0,"y":0.0,"z":0.0},{"x":0.0,"y":0.0,"z":0.0},{"x":0.0,"y":0.0,"z":0.0},{"x":0.0,"y":0.0,"z":0.0},{"x":0.0,"y":0.0,"z":0.0},{"x":0.0,"y":0.0,"z":0.0},{"x":0.0,"y":0.0,"z":0.0},{"x":0.0,"y":0.0,"z":0.0},{"x":0.0,"y":0.0,"z":0.0},{"x":0.0,"y":0.0,"z":0.0},{"x":0.0,"y":0.0,"z":0.0},{"x":0.0,"y":0.0,"z":0.0},{"x":0.0,"y":0.0,"z":0.0},{"x":0.0,"y":0.0,"z":0.0},{"x":0.0,"y":0.0,"z":0.0},{"x":0.0,"y":0.0,"z":0.0},{"x":0.0,"y":0.0,"z":0.0},{"x":0.0,"y":0.0,"z":0.0},{"x":0.0,"y":0.0,"z":0.0},{"x":0.0,"y":0.0,"z":0.0},{"x":0.0,"y":0.0,"z":0.0},{"x":0.0,"y":0.0,"z":0.0},{"x":0.0,"y":0.0,"z":0.0},{"x":0.0,"y":0.0,"z":0.0},{"x":0.0,"y":0.0,"z":0.0},{"x":0.0,"y":0.0,"z":0.0},{"x":0.0,"y":0.0,"z":0.0},{"x":0.0,"y":0.0,"z":0.0},{"x":0.0,"y":0.0,"z":0.0},{"x":0.0,"y":0.0,"z":0.0},{"x":0.0,"y":0.0,"z":0.0},{"x":0.0,"y":0.0,"z":0.0},{"x":0.0,"y":0.0,"z":0.0},{"x":0.0,"y":0.0,"z":0.0},{"x":0.0,"y":0.0,"z":0.0},{"x":0.0,"y":0.0,"z":0.0},{"x":0.0,"y":0.0,"z":0.0},{"x":0.0,"y":0.0,"z":0.0},{"x":0.0,"y":0.0,"z":0.0},{"x":0.0,"y":0.0,"z":0.0},{"x":0.0,"y":0.0,"z":0.0},{"x":0.0,"y":0.0,"z":0.0},{"x":0.0,"y":0.0,"z":0.0},{"x":0.0,"y":0.0,"z":0.0},{"x":0.0,"y":0.0,"z":0.0},{"x":0.0,"y":0.0,"z":0.0},{"x":0.0,"y":0.0,"z":0.0},{"x":0.0,"y":0.0,"z":0.0},{"x":0.0,"y":0.0,"z":0.0},{"x":0.0,"y":0.0,"z":0.0},{"x":0.0,"y":0.0,"z":0.0},{"x":0.0,"y":0.0,"z":0.0},{"x":0.0,"y":0.0,"z":0.0},{"x":0.0,"y":0.0,"z":0.0},{"x":0.0,"y":0.0,"z":0.0},{"x":0.0,"y":0.0,"z":0.0},{"x":0.0,"y":0.0,"z":0.0},{"x":0.0,"y":0.0,"z":0.0},{"x":0.0,"y":0.0,"z":0.0},{"x":0.0,"y":0.0,"z":0.0},{"x":0.0,"y":0.0,"z":0.0},{"x":0.0,"y":0.0,"z":0.0},{"x":0.0,"y":0.0,"z":0.0},{"x":0.0,"y":0.0,"z":0.0},{"x":0.0,"y":0.0,"z":0.0},{"x":0.0,"y":0.0,"z":0.0},{"x":0.0,"y":0.0,"z":0.0},{"x":0.0,"y":0.0,"z":0.0},{"x":0.0,"y":0.0,"z":0.0},{"x":0.0,"y":0.0,"z":0.0},{"x":0.0,"y":0.0,"z":0.0},{"x":0.0,"y":0.0,"z":0.0},{"x":0.0,"y":0.0,"z":0.0},{"x":0.0,"y":0.0,"z":0.0},{"x":0.0,"y":0.0,"z":0.0},{"x":0.0,"y":0.0,"z":0.0},{"x":0.0,"y":0.0,"z":0.0},{"x":0.0,"y":0.0,"z":0.0},{"x":0.0,"y":0.0,"z":0.0},{"x":0.0,"y":0.0,"z":0.0},{"x":0.0,"y":0.0,"z":0.0},{"x":0.0,"y":0.0,"z":0.0},{"x":0.0,"y":0.0,"z":0.0},{"x":0.0,"y":0.0,"z":0.0},{"x":0.0,"y":0.0,"z":0.0},{"x":0.0,"y":0.0,"z":0.0},{"x":0.0,"y":0.0,"z":0.0},{"x":0.0,"y":0.0,"z":0.0},{"x":0.0,"y":0.0,"z":0.0},{"x":0.0,"y":0.0,"z":0.0},{"x":0.0,"y":0.0,"z":0.0},{"x":0.0,"y":0.0,"z":0.0},{"x":0.0,"y":0.0,"z":0.0},{"x":0.0,"y":0.0,"z":0.0},{"x":0.0,"y":0.0,"z":0.0},{"x":0.0,"y":0.0,"z":0.0},{"x":0.0,"y":0.0,"z":0.0},{"x":0.0,"y":0.0,"z":0.0},{"x":0.0,"y":0.0,"z":0.0},{"x":0.0,"y":0.0,"z":0.0},{"x":0.0,"y":0.0,"z":0.0},{"x":0.0,"y":0.0,"z":0.0},{"x":0.0,"y":0.0,"z":0.0},{"x":0.0,"y":0.0,"z":0.0},{"x":0.0,"y":0.0,"z":0.0},{"x":0.0,"y":0.0,"z":0.0},{"x":0.0,"y":0.0,"z":0.0},{"x":0.0,"y":0.0,"z":0.0},{"x":0.0,"y":0.0,"z":0.0},{"x":0.0,"y":0.0,"z":0.0},{"x":0.0,"y":0.0,"z":0.0},{"x":0.0,"y":0.0,"z":0.0},{"x":0.0,"y":0.0,"z":0.0},{"x":0.0,"y":0.0,"z":0.0},{"x":0.0,"y":0.0,"z":0.0},{"x":0.0,"y":0.0,"z":0.0},{"x":0.0,"y":0.0,"z":0.0},{"x":0.0,"y":0.0,"z":0.0},{"x":0.0,"y":0.0,"z":0.0},{"x":0.0,"y":0.0,"z":0.0},{"x":0.0,"y":0.0,"z":0.0},{"x":0.0,"y":0.0,"z":0.0},{"x":0.0,"y":0.0,"z":0.0},{"x":0.0,"y":0.0,"z":0.0},{"x":0.0,"y":0.0,"z":0.0},{"x":0.0,"y":0.0,"z":0.0},{"x":0.0,"y":0.0,"z":0.0},{"x":0.0,"y":0.0,"z":0.0},{"x":0.0,"y":0.0,"z":0.0},{"x":0.0,"y":0.0,"z":0.0},{"x":0.0,"y":0.0,"z":0.0},{"x":0.0,"y":0.0,"z":0.0},{"x":0.0,"y":0.0,"z":0.0},{"x":0.0,"y":0.0,"z":0.0},{"x":0.0,"y":0.0,"z":0.0},{"x":0.0,"y":0.0,"z":0.0},{"x":0.0,"y":0.0,"z":0.0},{"x":0.0,"y":0.0,"z":0.0},{"x":0.0,"y":0.0,"z":0.0},{"x":0.0,"y":0.0,"z":0.0},{"x":0.0,"y":0.0,"z":0.0},{"x":0.0,"y":0.0,"z":0.0},{"x":0.0,"y":0.0,"z":0.0},{"x":0.0,"y":0.0,"z":0.0},{"x":0.0,"y":0.0,"z":0.0},{"x":0.0,"y":0.0,"z":0.0},{"x":0.0,"y":0.0,"z":0.0},{"x":0.0,"y":0.0,"z":0.0},{"x":0.0,"y":0.0,"z":0.0},{"x":0.0,"y":0.0,"z":0.0},{"x":0.0,"y":0.0,"z":0.0},{"x":0.0,"y":0.0,"z":0.0},{"x":0.0,"y":0.0,"z":0.0},{"x":0.0,"y":0.0,"z":0.0},{"x":0.0,"y":0.0,"z":0.0},{"x":0.0,"y":0.0,"z":0.0},{"x":0.0,"y":0.0,"z":0.0},{"x":0.0,"y":0.0,"z":0.0},{"x":0.0,"y":0.0,"z":0.0},{"x":0.0,"y":0.0,"z":0.0},{"x":0.0,"y":0.0,"z":0.0},{"x":0.0,"y":0.0,"z":0.0},{"x":0.0,"y":0.0,"z":0.0},{"x":0.0,"y":0.0,"z":0.0},{"x":0.0,"y":0.0,"z":0.0},{"x":0.0,"y":0.0,"z":0.0},{"x":0.0,"y":0.0,"z":0.0},{"x":0.0,"y":0.0,"z":0.0},{"x":0.0,"y":0.0,"z":0.0},{"x":0.0,"y":0.0,"z":0.0},{"x":0.0,"y":0.0,"z":0.0},{"x":0.0,"y":0.0,"z":0.0},{"x":0.0,"y":0.0,"z":0.0},{"x":0.0,"y":0.0,"z":0.0},{"x":0.0,"y":0.0,"z":0.0},{"x":0.0,"y":0.0,"z":0.0},{"x":0.0,"y":0.0,"z":0.0},{"x":0.0,"y":0.0,"z":0.0},{"x":0.0,"y":0.0,"z":0.0},{"x":0.0,"y":0.0,"z":0.0},{"x":0.0,"y":0.0,"z":0.0},{"x":0.0,"y":0.0,"z":0.0},{"x":0.0,"y":0.0,"z":0.0},{"x":0.0,"y":0.0,"z":0.0},{"x":0.0,"y":0.0,"z":0.0},{"x":0.0,"y":0.0,"z":0.0},{"x":0.0,"y":0.0,"z":0.0},{"x":0.0,"y":0.0,"z":0.0},{"x":0.0,"y":0.0,"z":0.0},{"x":0.0,"y":0.0,"z":0.0},{"x":0.0,"y":0.0,"z":0.0},{"x":0.0,"y":0.0,"z":0.0},{"x":0.0,"y":0.0,"z":0.0},{"x":0.0,"y":0.0,"z":0.0},{"x":0.0,"y":0.0,"z":0.0},{"x":0.0,"y":0.0,"z":0.0},{"x":0.0,"y":0.0,"z":0.0},{"x":0.0,"y":0.0,"z":0.0},{"x":0.0,"y":0.0,"z":0.0},{"x":0.0,"y":0.0,"z":0.0},{"x":0.0,"y":0.0,"z":0.0},{"x":0.0,"y":0.0,"z":0.0},{"x":0.0,"y":0.0,"z":0.0},{"x":0.0,"y":0.0,"z":0.0},{"x":0.0,"y":0.0,"z":0.0},{"x":0.0,"y":0.0,"z":0.0},{"x":0.0,"y":0.0,"z":0.0},{"x":0.0,"y":0.0,"z":0.0},{"x":0.0,"y":0.0,"z":0.0},{"x":0.0,"y":0.0,"z":0.0},{"x":0.0,"y":0.0,"z":0.0},{"x":0.0,"y":0.0,"z":0.0},{"x":0.0,"y":0.0,"z":0.0},{"x":0.0,"y":0.0,"z":0.0},{"x":0.0,"y":0.0,"z":0.0},{"x":0.0,"y":0.0,"z":0.0},{"x":0.0,"y":0.0,"z":0.0},{"x":0.0,"y":0.0,"z":0.0},{"x":0.0,"y":0.0,"z":0.0},{"x":0.0,"y":0.0,"z":0.0},{"x":0.0,"y":0.0,"z":0.0},{"x":0.0,"y":0.0,"z":0.0},{"x":0.0,"y":0.0,"z":0.0},{"x":0.0,"y":0.0,"z":0.0},{"x":0.0,"y":0.0,"z":0.0},{"x":0.0,"y":0.0,"z":0.0},{"x":0.0,"y":0.0,"z":0.0},{"x":0.0,"y":0.0,"z":0.0},{"x":0.0,"y":0.0,"z":0.0},{"x":0.0,"y":0.0,"z":0.0},{"x":0.0,"y":0.0,"z":0.0},{"x":0.0,"y":0.0,"z":0.0},{"x":0.0,"y":0.0,"z":0.0},{"x":0.0,"y":0.0,"z":0.0},{"x":0.0,"y":0.0,"z":0.0},{"x":0.0,"y":0.0,"z":0.0},{"x":0.0,"y":0.0,"z":0.0},{"x":0.0,"y":0.0,"z":0.0},{"x":0.0,"y":0.0,"z":0.0},{"x":0.0,"y":0.0,"z":0.0},{"x":0.0,"y":0.0,"z":0.0},{"x":0.0,"y":0.0,"z":0.0},{"x":0.0,"y":0.0,"z":0.0},{"x":0.0,"y":0.0,"z":0.0},{"x":0.0,"y":0.0,"z":0.0},{"x":0.0,"y":0.0,"z":0.0},{"x":0.0,"y":0.0,"z":0.0},{"x":0.0,"y":0.0,"z":0.0},{"x":0.0,"y":0.0,"z":0.0},{"x":0.0,"y":0.0,"z":0.0},{"x":0.0,"y":0.0,"z":0.0},{"x":0.0,"y":0.0,"z":0.0},{"x":0.0,"y":0.0,"z":0.0},{"x":0.0,"y":0.0,"z":0.0},{"x":0.0,"y":0.0,"z":0.0},{"x":0.0,"y":0.0,"z":0.0},{"x":0.0,"y":0.0,"z":0.0},{"x":0.0,"y":0.0,"z":0.0},{"x":0.0,"y":0.0,"z":0.0},{"x":0.0,"y":0.0,"z":0.0},{"x":0.0,"y":0.0,"z":0.0},{"x":0.0,"y":0.0,"z":0.0},{"x":0.0,"y":0.0,"z":0.0},{"x":0.0,"y":0.0,"z":0.0},{"x":0.0,"y":0.0,"z":0.0},{"x":0.0,"y":0.0,"z":0.0},{"x":0.0,"y":0.0,"z":0.0},{"x":0.0,"y":0.0,"z":0.0},{"x":0.0,"y":0.0,"z":0.0},{"x":0.0,"y":0.0,"z":0.0},{"x":0.0,"y":0.0,"z":0.0},{"x":0.0,"y":0.0,"z":0.0},{"x":0.0,"y":0.0,"z":0.0},{"x":0.0,"y":0.0,"z":0.0},{"x":0.0,"y":0.0,"z":0.0},{"x":0.0,"y":0.0,"z":0.0},{"x":0.0,"y":0.0,"z":0.0},{"x":0.0,"y":0.0,"z":0.0},{"x":0.0,"y":0.0,"z":0.0},{"x":0.0,"y":0.0,"z":0.0},{"x":0.0,"y":0.0,"z":0.0},{"x":0.0,"y":0.0,"z":0.0},{"x":0.0,"y":0.0,"z":0.0},{"x":0.0,"y":0.0,"z":0.0},{"x":0.0,"y":0.0,"z":0.0},{"x":0.0,"y":0.0,"z":0.0},{"x":0.0,"y":0.0,"z":0.0},{"x":0.0,"y":0.0,"z":0.0},{"x":0.0,"y":0.0,"z":0.0},{"x":0.0,"y":0.0,"z":0.0},{"x":0.0,"y":0.0,"z":0.0},{"x":0.0,"y":0.0,"z":0.0},{"x":0.0,"y":0.0,"z":0.0},{"x":0.0,"y":0.0,"z":0.0},{"x":0.0,"y":0.0,"z":0.0},{"x":0.0,"y":0.0,"z":0.0},{"x":0.0,"y":0.0,"z":0.0},{"x":0.0,"y":0.0,"z":0.0},{"x":0.0,"y":0.0,"z":0.0},{"x":0.0,"y":0.0,"z":0.0},{"x":0.0,"y":0.0,"z":0.0},{"x":0.0,"y":0.0,"z":0.0},{"x":0.0,"y":0.0,"z":0.0},{"x":0.0,"y":0.0,"z":0.0},{"x":0.0,"y":0.0,"z":0.0},{"x":0.0,"y":0.0,"z":0.0},{"x":0.0,"y":0.0,"z":0.0},{"x":0.0,"y":0.0,"z":0.0},{"x":0.0,"y":0.0,"z":0.0},{"x":0.0,"y":0.0,"z":0.0},{"x":0.0,"y":0.0,"z":0.0},{"x":0.0,"y":0.0,"z":0.0},{"x":0.0,"y":0.0,"z":0.0},{"x":0.0,"y":0.0,"z":0.0},{"x":0.0,"y":0.0,"z":0.0},{"x":0.0,"y":0.0,"z":0.0},{"x":0.0,"y":0.0,"z":0.0},{"x":0.0,"y":0.0,"z":0.0},{"x":0.0,"y":0.0,"z":0.0},{"x":0.0,"y":0.0,"z":0.0},{"x":0.0,"y":0.0,"z":0.0},{"x":0.0,"y":0.0,"z":0.0},{"x":0.0,"y":0.0,"z":0.0},{"x":0.0,"y":0.0,"z":0.0},{"x":0.0,"y":0.0,"z":0.0},{"x":0.0,"y":0.0,"z":0.0},{"x":0.0,"y":0.0,"z":0.0},{"x":0.0,"y":0.0,"z":0.0},{"x":0.0,"y":0.0,"z":0.0},{"x":0.0,"y":0.0,"z":0.0},{"x":0.0,"y":0.0,"z":0.0},{"x":0.0,"y":0.0,"z":0.0},{"x":0.0,"y":0.0,"z":0.0},{"x":0.0,"y":0.0,"z":0.0},{"x":0.0,"y":0.0,"z":0.0},{"x":0.0,"y":0.0,"z":0.0},{"x":0.0,"y":0.0,"z":0.0},{"x":0.0,"y":0.0,"z":0.0},{"x":0.0,"y":0.0,"z":0.0},{"x":0.0,"y":0.0,"z":0.0},{"x":0.0,"y":0.0,"z":0.0},{"x":0.0,"y":0.0,"z":0.0},{"x":0.0,"y":0.0,"z":0.0},{"x":0.0,"y":0.0,"z":0.0},{"x":0.0,"y":0.0,"z":0.0},{"x":0.0,"y":0.0,"z":0.0},{"x":0.0,"y":0.0,"z":0.0},{"x":0.0,"y":0.0,"z":0.0},{"x":0.0,"y":0.0,"z":0.0},{"x":0.0,"y":0.0,"z":0.0},{"x":0.0,"y":0.0,"z":0.0},{"x":0.0,"y":0.0,"z":0.0},{"x":0.0,"y":0.0,"z":0.0},{"x":0.0,"y":0.0,"z":0.0},{"x":0.0,"y":0.0,"z":0.0},{"x":0.0,"y":0.0,"z":0.0},{"x":0.0,"y":0.0,"z":0.0},{"x":0.0,"y":0.0,"z":0.0},{"x":0.0,"y":0.0,"z":0.0},{"x":0.0,"y":0.0,"z":0.0},{"x":0.0,"y":0.0,"z":0.0},{"x":0.0,"y":0.0,"z":0.0},{"x":0.0,"y":0.0,"z":0.0},{"x":0.0,"y":0.0,"z":0.0},{"x":0.0,"y":0.0,"z":0.0},{"x":0.0,"y":0.0,"z":0.0},{"x":0.0,"y":0.0,"z":0.0},{"x":0.0,"y":0.0,"z":0.0},{"x":0.0,"y":0.0,"z":0.0},{"x":0.0,"y":0.0,"z":0.0},{"x":0.0,"y":0.0,"z":0.0},{"x":0.0,"y":0.0,"z":0.0},{"x":0.0,"y":0.0,"z":0.0},{"x":0.0,"y":0.0,"z":0.0},{"x":0.0,"y":0.0,"z":0.0},{"x":0.0,"y":0.0,"z":0.0},{"x":0.0,"y":0.0,"z":0.0},{"x":0.0,"y":0.0,"z":0.0},{"x":0.0,"y":0.0,"z":0.0},{"x":0.0,"y":0.0,"z":0.0},{"x":0.0,"y":0.0,"z":0.0},{"x":0.0,"y":0.0,"z":0.0},{"x":0.0,"y":0.0,"z":0.0},{"x":0.0,"y":0.0,"z":0.0},{"x":0.0,"y":0.0,"z":0.0},{"x":0.0,"y":0.0,"z":0.0},{"x":0.0,"y":0.0,"z":0.0},{"x":0.0,"y":0.0,"z":0.0},{"x":0.0,"y":0.0,"z":0.0},{"x":0.0,"y":0.0,"z":0.0},{"x":0.0,"y":0.0,"z":0.0},{"x":0.0,"y":0.0,"z":0.0},{"x":0.0,"y":0.0,"z":0.0},{"x":0.0,"y":0.0,"z":0.0},{"x":0.0,"y":0.0,"z":0.0},{"x":0.0,"y":0.0,"z":0.0},{"x":0.0,"y":0.0,"z":0.0},{"x":0.0,"y":0.0,"z":0.0},{"x":0.0,"y":0.0,"z":0.0},{"x":0.0,"y":0.0,"z":0.0},{"x":0.0,"y":0.0,"z":0.0},{"x":0.0,"y":0.0,"z":0.0},{"x":0.0,"y":0.0,"z":0.0},{"x":0.0,"y":0.0,"z":0.0},{"x":0.0,"y":0.0,"z":0.0},{"x":0.0,"y":0.0,"z":0.0},{"x":0.0,"y":0.0,"z":0.0},{"x":0.0,"y":0.0,"z":0.0},{"x":0.0,"y":0.0,"z":0.0},{"x":0.0,"y":0.0,"z":0.0},{"x":0.0,"y":0.0,"z":0.0},{"x":0.0,"y":0.0,"z":0.0},{"x":0.0,"y":0.0,"z":0.0},{"x":0.0,"y":0.0,"z":0.0},{"x":0.0,"y":0.0,"z":0.0},{"x":0.0,"y":0.0,"z":0.0},{"x":0.0,"y":0.0,"z":0.0},{"x":0.0,"y":0.0,"z":0.0},{"x":0.0,"y":0.0,"z":0.0},{"x":0.0,"y":0.0,"z":0.0},{"x":0.0,"y":0.0,"z":0.0},{"x":0.0,"y":0.0,"z":0.0},{"x":0.0,"y":0.0,"z":0.0},{"x":0.0,"y":0.0,"z":0.0},{"x":0.0,"y":0.0,"z":0.0},{"x":0.0,"y":0.0,"z":0.0},{"x":0.0,"y":0.0,"z":0.0},{"x":0.0,"y":0.0,"z":0.0},{"x":0.0,"y":0.0,"z":0.0},{"x":0.0,"y":0.0,"z":0.0},{"x":0.0,"y":0.0,"z":0.0},{"x":0.0,"y":0.0,"z":0.0},{"x":0.0,"y":0.0,"z":0.0},{"x":0.0,"y":0.0,"z":0.0},{"x":0.0,"y":0.0,"z":0.0},{"x":0.0,"y":0.0,"z":0.0},{"x":0.0,"y":0.0,"z":0.0},{"x":0.0,"y":0.0,"z":0.0},{"x":0.0,"y":0.0,"z":0.0},{"x":0.0,"y":0.0,"z":0.0},{"x":0.0,"y":0.0,"z":0.0},{"x":0.0,"y":0.0,"z":0.0},{"x":0.0,"y":0.0,"z":0.0},{"x":0.0,"y":0.0,"z":0.0},{"x":0.0,"y":0.0,"z":0.0},{"x":0.0,"y":0.0,"z":0.0},{"x":0.0,"y":0.0,"z":0.0},{"x":0.0,"y":0.0,"z":0.0},{"x":0.0,"y":0.0,"z":0.0},{"x":0.0,"y":0.0,"z":0.0},{"x":0.0,"y":0.0,"z":0.0},{"x":0.0,"y":0.0,"z":0.0},{"x":0.0,"y":0.0,"z":0.0},{"x":0.0,"y":0.0,"z":0.0},{"x":0.0,"y":0.0,"z":0.0},{"x":0.0,"y":0.0,"z":0.0},{"x":0.0,"y":0.0,"z":0.0},{"x":0.0,"y":0.0,"z":0.0},{"x":0.0,"y":0.0,"z":0.0},{"x":0.0,"y":0.0,"z":0.0},{"x":0.0,"y":0.0,"z":0.0},{"x":0.0,"y":0.0,"z":0.0},{"x":0.0,"y":0.0,"z":0.0},{"x":0.0,"y":0.0,"z":0.0},{"x":0.0,"y":0.0,"z":0.0},{"x":0.0,"y":0.0,"z":0.0},{"x":0.0,"y":0.0,"z":0.0},{"x":0.0,"y":0.0,"z":0.0},{"x":0.0,"y":0.0,"z":0.0},{"x":0.0,"y":0.0,"z":0.0},{"x":0.0,"y":0.0,"z":0.0},{"x":0.0,"y":0.0,"z":0.0},{"x":0.0,"y":0.0,"z":0.0},{"x":0.0,"y":0.0,"z":0.0},{"x":0.0,"y":0.0,"z":0.0},{"x":0.0,"y":0.0,"z":0.0},{"x":0.0,"y":0.0,"z":0.0},{"x":0.0,"y":0.0,"z":0.0},{"x":0.0,"y":0.0,"z":0.0},{"x":0.0,"y":0.0,"z":0.0},{"x":0.0,"y":0.0,"z":0.0},{"x":0.0,"y":0.0,"z":0.0},{"x":0.0,"y":0.0,"z":0.0},{"x":0.0,"y":0.0,"z":0.0},{"x":0.0,"y":0.0,"z":0.0},{"x":0.0,"y":0.0,"z":0.0},{"x":0.0,"y":0.0,"z":0.0},{"x":0.0,"y":0.0,"z":0.0},{"x":0.0,"y":0.0,"z":0.0},{"x":0.0,"y":0.0,"z":0.0},{"x":0.0,"y":0.0,"z":0.0},{"x":0.0,"y":0.0,"z":0.0},{"x":0.0,"y":0.0,"z":0.0},{"x":0.0,"y":0.0,"z":0.0},{"x":0.0,"y":0.0,"z":0.0},{"x":0.0,"y":0.0,"z":0.0},{"x":0.0,"y":0.0,"z":0.0},{"x":0.0,"y":0.0,"z":0.0},{"x":0.0,"y":0.0,"z":0.0},{"x":0.0,"y":0.0,"z":0.0},{"x":0.0,"y":0.0,"z":0.0},{"x":0.0,"y":0.0,"z":0.0},{"x":0.0,"y":0.0,"z":0.0},{"x":0.0,"y":0.0,"z":0.0},{"x":0.0,"y":0.0,"z":0.0},{"x":0.0,"y":0.0,"z":0.0},{"x":0.0,"y":0.0,"z":0.0},{"x":0.0,"y":0.0,"z":0.0},{"x":0.0,"y":0.0,"z":0.0},{"x":0.0,"y":0.0,"z":0.0},{"x":0.0,"y":0.0,"z":0.0},{"x":0.0,"y":0.0,"z":0.0},{"x":0.0,"y":0.0,"z":0.0},{"x":0.0,"y":0.0,"z":0.0},{"x":0.0,"y":0.0,"z":0.0},{"x":0.0,"y":0.0,"z":0.0},{"x":0.0,"y":0.0,"z":0.0},{"x":0.0,"y":0.0,"z":0.0},{"x":0.0,"y":0.0,"z":0.0},{"x":0.0,"y":0.0,"z":0.0},{"x":0.0,"y":0.0,"z":0.0},{"x":0.0,"y":0.0,"z":0.0},{"x":0.0,"y":0.0,"z":0.0},{"x":0.0,"y":0.0,"z":0.0},{"x":0.0,"y":0.0,"z":0.0},{"x":0.0,"y":0.0,"z":0.0},{"x":0.0,"y":0.0,"z":0.0},{"x":0.0,"y":0.0,"z":0.0},{"x":0.0,"y":0.0,"z":0.0},{"x":0.0,"y":0.0,"z":0.0},{"x":0.0,"y":0.0,"z":0.0},{"x":0.0,"y":0.0,"z":0.0},{"x":0.0,"y":0.0,"z":0.0},{"x":0.0,"y":0.0,"z":0.0},{"x":0.0,"y":0.0,"z":0.0},{"x":0.0,"y":0.0,"z":0.0},{"x":0.0,"y":0.0,"z":0.0},{"x":0.0,"y":0.0,"z":0.0},{"x":0.0,"y":0.0,"z":0.0},{"x":0.0,"y":0.0,"z":0.0},{"x":0.0,"y":0.0,"z":0.0},{"x":0.0,"y":0.0,"z":0.0},{"x":0.0,"y":0.0,"z":0.0},{"x":0.0,"y":0.0,"z":0.0},{"x":0.0,"y":0.0,"z":0.0},{"x":0.0,"y":0.0,"z":0.0},{"x":0.0,"y":0.0,"z":0.0},{"x":0.0,"y":0.0,"z":0.0},{"x":0.0,"y":0.0,"z":0.0},{"x":0.0,"y":0.0,"z":0.0},{"x":0.0,"y":0.0,"z":0.0},{"x":0.0,"y":0.0,"z":0.0},{"x":0.0,"y":0.0,"z":0.0},{"x":0.0,"y":0.0,"z":0.0},{"x":0.0,"y":0.0,"z":0.0},{"x":0.0,"y":0.0,"z":0.0},{"x":0.0,"y":0.0,"z":0.0},{"x":0.0,"y":0.0,"z":0.0},{"x":0.0,"y":0.0,"z":0.0},{"x":0.0,"y":0.0,"z":0.0},{"x":0.0,"y":0.0,"z":0.0},{"x":0.0,"y":0.0,"z":0.0},{"x":0.0,"y":0.0,"z":0.0},{"x":0.0,"y":0.0,"z":0.0},{"x":0.0,"y":0.0,"z":0.0},{"x":0.0,"y":0.0,"z":0.0},{"x":0.0,"y":0.0,"z":0.0},{"x":0.0,"y":0.0,"z":0.0},{"x":0.0,"y":0.0,"z":0.0},{"x":0.0,"y":0.0,"z":0.0},{"x":0.0,"y":0.0,"z":0.0},{"x":0.0,"y":0.0,"z":0.0},{"x":0.0,"y":0.0,"z":0.0},{"x":0.0,"y":0.0,"z":0.0},{"x":0.0,"y":0.0,"z":0.0},{"x":0.0,"y":0.0,"z":0.0},{"x":0.0,"y":0.0,"z":0.0},{"x":0.0,"y":0.0,"z":0.0},{"x":0.0,"y":0.0,"z":0.0},{"x":0.0,"y":0.0,"z":0.0},{"x":0.0,"y":0.0,"z":0.0},{"x":0.0,"y":0.0,"z":0.0},{"x":0.0,"y":0.0,"z":0.0},{"x":0.0,"y":0.0,"z":0.0},{"x":0.0,"y":0.0,"z":0.0},{"x":0.0,"y":0.0,"z":0.0},{"x":0.0,"y":0.0,"z":0.0},{"x":0.0,"y":0.0,"z":0.0},{"x":0.0,"y":0.0,"z":0.0},{"x":0.0,"y":0.0,"z":0.0},{"x":0.0,"y":0.0,"z":0.0},{"x":0.0,"y":0.0,"z":0.0},{"x":0.0,"y":0.0,"z":0.0},{"x":0.0,"y":0.0,"z":0.0},{"x":0.0,"y":0.0,"z":0.0},{"x":0.0,"y":0.0,"z":0.0},{"x":0.0,"y":0.0,"z":0.0},{"x":0.0,"y":0.0,"z":0.0},{"x":0.0,"y":0.0,"z":0.0},{"x":0.0,"y":0.0,"z":0.0},{"x":0.0,"y":0.0,"z":0.0},{"x":0.0,"y":0.0,"z":0.0},{"x":0.0,"y":0.0,"z":0.0},{"x":0.0,"y":0.0,"z":0.0},{"x":0.0,"y":0.0,"z":0.0},{"x":0.0,"y":0.0,"z":0.0},{"x":0.0,"y":0.0,"z":0.0},{"x":0.0,"y":0.0,"z":0.0},{"x":0.0,"y":0.0,"z":0.0},{"x":0.0,"y":0.0,"z":0.0},{"x":0.0,"y":0.0,"z":0.0},{"x":0.0,"y":0.0,"z":0.0},{"x":0.0,"y":0.0,"z":0.0},{"x":0.0,"y":0.0,"z":0.0},{"x":0.0,"y":0.0,"z":0.0},{"x":0.0,"y":0.0,"z":0.0},{"x":0.0,"y":0.0,"z":0.0},{"x":0.0,"y":0.0,"z":0.0},{"x":0.0,"y":0.0,"z":0.0},{"x":0.0,"y":0.0,"z":0.0},{"x":0.0,"y":0.0,"z":0.0},{"x":0.0,"y":0.0,"z":0.0},{"x":0.0,"y":0.0,"z":0.0},{"x":0.0,"y":0.0,"z":0.0},{"x":0.0,"y":0.0,"z":0.0},{"x":0.0,"y":0.0,"z":0.0},{"x":0.0,"y":0.0,"z":0.0},{"x":0.0,"y":0.0,"z":0.0},{"x":0.0,"y":0.0,"z":0.0},{"x":0.0,"y":0.0,"z":0.0},{"x":0.0,"y":0.0,"z":0.0},{"x":0.0,"y":0.0,"z":0.0},{"x":0.0,"y":0.0,"z":0.0},{"x":0.0,"y":0.0,"z":0.0},{"x":0.0,"y":0.0,"z":0.0},{"x":0.0,"y":0.0,"z":0.0},{"x":0.0,"y":0.0,"z":0.0},{"x":0.0,"y":0.0,"z":0.0},{"x":0.0,"y":0.0,"z":0.0},{"x":0.0,"y":0.0,"z":0.0},{"x":0.0,"y":0.0,"z":0.0},{"x":0.0,"y":0.0,"z":0.0}],"rootRot":[{"x":0.0,"y":0.0,"z":0.0,"w":0.0},{"x":0.0,"y":0.0,"z":0.0,"w":0.0},{"x":0.0,"y":0.0,"z":0.0,"w":0.0},{"x":0.0,"y":0.0,"z":0.0,"w":0.0},{"x":0.0,"y":0.0,"z":0.0,"w":0.0},{"x":0.0,"y":0.0,"z":0.0,"w":0.0},{"x":0.0,"y":0.0,"z":0.0,"w":0.0},{"x":0.0,"y":0.0,"z":0.0,"w":0.0},{"x":0.0,"y":0.0,"z":0.0,"w":0.0},{"x":0.0,"y":0.0,"z":0.0,"w":0.0},{"x":0.0,"y":0.0,"z":0.0,"w":0.0},{"x":0.0,"y":0.0,"z":0.0,"w":0.0},{"x":0.0,"y":0.0,"z":0.0,"w":0.0},{"x":0.0,"y":0.0,"z":0.0,"w":0.0},{"x":0.0,"y":0.0,"z":0.0,"w":0.0},{"x":0.0,"y":0.0,"z":0.0,"w":0.0},{"x":0.0,"y":0.0,"z":0.0,"w":0.0},{"x":0.0,"y":0.0,"z":0.0,"w":0.0},{"x":0.0,"y":0.0,"z":0.0,"w":0.0},{"x":0.0,"y":0.0,"z":0.0,"w":0.0},{"x":0.0,"y":0.0,"z":0.0,"w":0.0},{"x":0.0,"y":0.0,"z":0.0,"w":0.0},{"x":0.0,"y":0.0,"z":0.0,"w":0.0},{"x":0.0,"y":0.0,"z":0.0,"w":0.0},{"x":0.0,"y":0.0,"z":0.0,"w":0.0},{"x":0.0,"y":0.0,"z":0.0,"w":0.0},{"x":0.0,"y":0.0,"z":0.0,"w":0.0},{"x":0.0,"y":0.0,"z":0.0,"w":0.0},{"x":0.0,"y":0.0,"z":0.0,"w":0.0},{"x":0.0,"y":0.0,"z":0.0,"w":0.0},{"x":0.0,"y":0.0,"z":0.0,"w":0.0},{"x":0.0,"y":0.0,"z":0.0,"w":0.0},{"x":0.0,"y":0.0,"z":0.0,"w":0.0},{"x":0.0,"y":0.0,"z":0.0,"w":0.0},{"x":0.0,"y":0.0,"z":0.0,"w":0.0},{"x":0.0,"y":0.0,"z":0.0,"w":0.0},{"x":0.0,"y":0.0,"z":0.0,"w":0.0},{"x":0.0,"y":0.0,"z":0.0,"w":0.0},{"x":0.0,"y":0.0,"z":0.0,"w":0.0},{"x":0.0,"y":0.0,"z":0.0,"w":0.0},{"x":0.0,"y":0.0,"z":0.0,"w":0.0},{"x":0.0,"y":0.0,"z":0.0,"w":0.0},{"x":0.0,"y":0.0,"z":0.0,"w":0.0},{"x":0.0,"y":0.0,"z":0.0,"w":0.0},{"x":0.0,"y":0.0,"z":0.0,"w":0.0},{"x":0.0,"y":0.0,"z":0.0,"w":0.0},{"x":0.0,"y":0.0,"z":0.0,"w":0.0},{"x":0.0,"y":0.0,"z":0.0,"w":0.0},{"x":0.0,"y":0.0,"z":0.0,"w":0.0},{"x":0.0,"y":0.0,"z":0.0,"w":0.0},{"x":0.0,"y":0.0,"z":0.0,"w":0.0},{"x":0.0,"y":0.0,"z":0.0,"w":0.0},{"x":0.0,"y":0.0,"z":0.0,"w":0.0},{"x":0.0,"y":0.0,"z":0.0,"w":0.0},{"x":0.0,"y":0.0,"z":0.0,"w":0.0},{"x":0.0,"y":0.0,"z":0.0,"w":0.0},{"x":0.0,"y":0.0,"z":0.0,"w":0.0},{"x":0.0,"y":0.0,"z":0.0,"w":0.0},{"x":0.0,"y":0.0,"z":0.0,"w":0.0},{"x":0.0,"y":0.0,"z":0.0,"w":0.0},{"x":0.0,"y":0.0,"z":0.0,"w":0.0},{"x":0.0,"y":0.0,"z":0.0,"w":0.0},{"x":0.0,"y":0.0,"z":0.0,"w":0.0},{"x":0.0,"y":0.0,"z":0.0,"w":0.0},{"x":0.0,"y":0.0,"z":0.0,"w":0.0},{"x":0.0,"y":0.0,"z":0.0,"w":0.0},{"x":0.0,"y":0.0,"z":0.0,"w":0.0},{"x":0.0,"y":0.0,"z":0.0,"w":0.0},{"x":0.0,"y":0.0,"z":0.0,"w":0.0},{"x":0.0,"y":0.0,"z":0.0,"w":0.0},{"x":0.0,"y":0.0,"z":0.0,"w":0.0},{"x":0.0,"y":0.0,"z":0.0,"w":0.0},{"x":0.0,"y":0.0,"z":0.0,"w":0.0},{"x":0.0,"y":0.0,"z":0.0,"w":0.0},{"x":0.0,"y":0.0,"z":0.0,"w":0.0},{"x":0.0,"y":0.0,"z":0.0,"w":0.0},{"x":0.0,"y":0.0,"z":0.0,"w":0.0},{"x":0.0,"y":0.0,"z":0.0,"w":0.0},{"x":0.0,"y":0.0,"z":0.0,"w":0.0},{"x":0.0,"y":0.0,"z":0.0,"w":0.0},{"x":0.0,"y":0.0,"z":0.0,"w":0.0},{"x":0.0,"y":0.0,"z":0.0,"w":0.0},{"x":0.0,"y":0.0,"z":0.0,"w":0.0},{"x":0.0,"y":0.0,"z":0.0,"w":0.0},{"x":0.0,"y":0.0,"z":0.0,"w":0.0},{"x":0.0,"y":0.0,"z":0.0,"w":0.0},{"x":0.0,"y":0.0,"z":0.0,"w":0.0},{"x":0.0,"y":0.0,"z":0.0,"w":0.0},{"x":0.0,"y":0.0,"z":0.0,"w":0.0},{"x":0.0,"y":0.0,"z":0.0,"w":0.0},{"x":0.0,"y":0.0,"z":0.0,"w":0.0},{"x":0.0,"y":0.0,"z":0.0,"w":0.0},{"x":0.0,"y":0.0,"z":0.0,"w":0.0},{"x":0.0,"y":0.0,"z":0.0,"w":0.0},{"x":0.0,"y":0.0,"z":0.0,"w":0.0},{"x":0.0,"y":0.0,"z":0.0,"w":0.0},{"x":0.0,"y":0.0,"z":0.0,"w":0.0},{"x":0.0,"y":0.0,"z":0.0,"w":0.0},{"x":0.0,"y":0.0,"z":0.0,"w":0.0},{"x":0.0,"y":0.0,"z":0.0,"w":0.0},{"x":0.0,"y":0.0,"z":0.0,"w":0.0},{"x":0.0,"y":0.0,"z":0.0,"w":0.0},{"x":0.0,"y":0.0,"z":0.0,"w":0.0},{"x":0.0,"y":0.0,"z":0.0,"w":0.0},{"x":0.0,"y":0.0,"z":0.0,"w":0.0},{"x":0.0,"y":0.0,"z":0.0,"w":0.0},{"x":0.0,"y":0.0,"z":0.0,"w":0.0},{"x":0.0,"y":0.0,"z":0.0,"w":0.0},{"x":0.0,"y":0.0,"z":0.0,"w":0.0},{"x":0.0,"y":0.0,"z":0.0,"w":0.0},{"x":0.0,"y":0.0,"z":0.0,"w":0.0},{"x":0.0,"y":0.0,"z":0.0,"w":0.0},{"x":0.0,"y":0.0,"z":0.0,"w":0.0},{"x":0.0,"y":0.0,"z":0.0,"w":0.0},{"x":0.0,"y":0.0,"z":0.0,"w":0.0},{"x":0.0,"y":0.0,"z":0.0,"w":0.0},{"x":0.0,"y":0.0,"z":0.0,"w":0.0},{"x":0.0,"y":0.0,"z":0.0,"w":0.0},{"x":0.0,"y":0.0,"z":0.0,"w":0.0},{"x":0.0,"y":0.0,"z":0.0,"w":0.0},{"x":0.0,"y":0.0,"z":0.0,"w":0.0},{"x":0.0,"y":0.0,"z":0.0,"w":0.0},{"x":0.0,"y":0.0,"z":0.0,"w":0.0},{"x":0.0,"y":0.0,"z":0.0,"w":0.0},{"x":0.0,"y":0.0,"z":0.0,"w":0.0},{"x":0.0,"y":0.0,"z":0.0,"w":0.0},{"x":0.0,"y":0.0,"z":0.0,"w":0.0},{"x":0.0,"y":0.0,"z":0.0,"w":0.0},{"x":0.0,"y":0.0,"z":0.0,"w":0.0},{"x":0.0,"y":0.0,"z":0.0,"w":0.0},{"x":0.0,"y":0.0,"z":0.0,"w":0.0},{"x":0.0,"y":0.0,"z":0.0,"w":0.0},{"x":0.0,"y":0.0,"z":0.0,"w":0.0},{"x":0.0,"y":0.0,"z":0.0,"w":0.0},{"x":0.0,"y":0.0,"z":0.0,"w":0.0},{"x":0.0,"y":0.0,"z":0.0,"w":0.0},{"x":0.0,"y":0.0,"z":0.0,"w":0.0},{"x":0.0,"y":0.0,"z":0.0,"w":0.0},{"x":0.0,"y":0.0,"z":0.0,"w":0.0},{"x":0.0,"y":0.0,"z":0.0,"w":0.0},{"x":0.0,"y":0.0,"z":0.0,"w":0.0},{"x":0.0,"y":0.0,"z":0.0,"w":0.0},{"x":0.0,"y":0.0,"z":0.0,"w":0.0},{"x":0.0,"y":0.0,"z":0.0,"w":0.0},{"x":0.0,"y":0.0,"z":0.0,"w":0.0},{"x":0.0,"y":0.0,"z":0.0,"w":0.0},{"x":0.0,"y":0.0,"z":0.0,"w":0.0},{"x":0.0,"y":0.0,"z":0.0,"w":0.0},{"x":0.0,"y":0.0,"z":0.0,"w":0.0},{"x":0.0,"y":0.0,"z":0.0,"w":0.0},{"x":0.0,"y":0.0,"z":0.0,"w":0.0},{"x":0.0,"y":0.0,"z":0.0,"w":0.0},{"x":0.0,"y":0.0,"z":0.0,"w":0.0},{"x":0.0,"y":0.0,"z":0.0,"w":0.0},{"x":0.0,"y":0.0,"z":0.0,"w":0.0},{"x":0.0,"y":0.0,"z":0.0,"w":0.0},{"x":0.0,"y":0.0,"z":0.0,"w":0.0},{"x":0.0,"y":0.0,"z":0.0,"w":0.0},{"x":0.0,"y":0.0,"z":0.0,"w":0.0},{"x":0.0,"y":0.0,"z":0.0,"w":0.0},{"x":0.0,"y":0.0,"z":0.0,"w":0.0},{"x":0.0,"y":0.0,"z":0.0,"w":0.0},{"x":0.0,"y":0.0,"z":0.0,"w":0.0},{"x":0.0,"y":0.0,"z":0.0,"w":0.0},{"x":0.0,"y":0.0,"z":0.0,"w":0.0},{"x":0.0,"y":0.0,"z":0.0,"w":0.0},{"x":0.0,"y":0.0,"z":0.0,"w":0.0},{"x":0.0,"y":0.0,"z":0.0,"w":0.0},{"x":0.0,"y":0.0,"z":0.0,"w":0.0},{"x":0.0,"y":0.0,"z":0.0,"w":0.0},{"x":0.0,"y":0.0,"z":0.0,"w":0.0},{"x":0.0,"y":0.0,"z":0.0,"w":0.0},{"x":0.0,"y":0.0,"z":0.0,"w":0.0},{"x":0.0,"y":0.0,"z":0.0,"w":0.0},{"x":0.0,"y":0.0,"z":0.0,"w":0.0},{"x":0.0,"y":0.0,"z":0.0,"w":0.0},{"x":0.0,"y":0.0,"z":0.0,"w":0.0},{"x":0.0,"y":0.0,"z":0.0,"w":0.0},{"x":0.0,"y":0.0,"z":0.0,"w":0.0},{"x":0.0,"y":0.0,"z":0.0,"w":0.0},{"x":0.0,"y":0.0,"z":0.0,"w":0.0},{"x":0.0,"y":0.0,"z":0.0,"w":0.0},{"x":0.0,"y":0.0,"z":0.0,"w":0.0},{"x":0.0,"y":0.0,"z":0.0,"w":0.0},{"x":0.0,"y":0.0,"z":0.0,"w":0.0},{"x":0.0,"y":0.0,"z":0.0,"w":0.0},{"x":0.0,"y":0.0,"z":0.0,"w":0.0},{"x":0.0,"y":0.0,"z":0.0,"w":0.0},{"x":0.0,"y":0.0,"z":0.0,"w":0.0},{"x":0.0,"y":0.0,"z":0.0,"w":0.0},{"x":0.0,"y":0.0,"z":0.0,"w":0.0},{"x":0.0,"y":0.0,"z":0.0,"w":0.0},{"x":0.0,"y":0.0,"z":0.0,"w":0.0},{"x":0.0,"y":0.0,"z":0.0,"w":0.0},{"x":0.0,"y":0.0,"z":0.0,"w":0.0},{"x":0.0,"y":0.0,"z":0.0,"w":0.0},{"x":0.0,"y":0.0,"z":0.0,"w":0.0},{"x":0.0,"y":0.0,"z":0.0,"w":0.0},{"x":0.0,"y":0.0,"z":0.0,"w":0.0},{"x":0.0,"y":0.0,"z":0.0,"w":0.0},{"x":0.0,"y":0.0,"z":0.0,"w":0.0},{"x":0.0,"y":0.0,"z":0.0,"w":0.0},{"x":0.0,"y":0.0,"z":0.0,"w":0.0},{"x":0.0,"y":0.0,"z":0.0,"w":0.0},{"x":0.0,"y":0.0,"z":0.0,"w":0.0},{"x":0.0,"y":0.0,"z":0.0,"w":0.0},{"x":0.0,"y":0.0,"z":0.0,"w":0.0},{"x":0.0,"y":0.0,"z":0.0,"w":0.0},{"x":0.0,"y":0.0,"z":0.0,"w":0.0},{"x":0.0,"y":0.0,"z":0.0,"w":0.0},{"x":0.0,"y":0.0,"z":0.0,"w":0.0},{"x":0.0,"y":0.0,"z":0.0,"w":0.0},{"x":0.0,"y":0.0,"z":0.0,"w":0.0},{"x":0.0,"y":0.0,"z":0.0,"w":0.0},{"x":0.0,"y":0.0,"z":0.0,"w":0.0},{"x":0.0,"y":0.0,"z":0.0,"w":0.0},{"x":0.0,"y":0.0,"z":0.0,"w":0.0},{"x":0.0,"y":0.0,"z":0.0,"w":0.0},{"x":0.0,"y":0.0,"z":0.0,"w":0.0},{"x":0.0,"y":0.0,"z":0.0,"w":0.0},{"x":0.0,"y":0.0,"z":0.0,"w":0.0},{"x":0.0,"y":0.0,"z":0.0,"w":0.0},{"x":0.0,"y":0.0,"z":0.0,"w":0.0},{"x":0.0,"y":0.0,"z":0.0,"w":0.0},{"x":0.0,"y":0.0,"z":0.0,"w":0.0},{"x":0.0,"y":0.0,"z":0.0,"w":0.0},{"x":0.0,"y":0.0,"z":0.0,"w":0.0},{"x":0.0,"y":0.0,"z":0.0,"w":0.0},{"x":0.0,"y":0.0,"z":0.0,"w":0.0},{"x":0.0,"y":0.0,"z":0.0,"w":0.0},{"x":0.0,"y":0.0,"z":0.0,"w":0.0},{"x":0.0,"y":0.0,"z":0.0,"w":0.0},{"x":0.0,"y":0.0,"z":0.0,"w":0.0},{"x":0.0,"y":0.0,"z":0.0,"w":0.0},{"x":0.0,"y":0.0,"z":0.0,"w":0.0},{"x":0.0,"y":0.0,"z":0.0,"w":0.0},{"x":0.0,"y":0.0,"z":0.0,"w":0.0},{"x":0.0,"y":0.0,"z":0.0,"w":0.0},{"x":0.0,"y":0.0,"z":0.0,"w":0.0},{"x":0.0,"y":0.0,"z":0.0,"w":0.0},{"x":0.0,"y":0.0,"z":0.0,"w":0.0},{"x":0.0,"y":0.0,"z":0.0,"w":0.0},{"x":0.0,"y":0.0,"z":0.0,"w":0.0},{"x":0.0,"y":0.0,"z":0.0,"w":0.0},{"x":0.0,"y":0.0,"z":0.0,"w":0.0},{"x":0.0,"y":0.0,"z":0.0,"w":0.0},{"x":0.0,"y":0.0,"z":0.0,"w":0.0},{"x":0.0,"y":0.0,"z":0.0,"w":0.0},{"x":0.0,"y":0.0,"z":0.0,"w":0.0},{"x":0.0,"y":0.0,"z":0.0,"w":0.0},{"x":0.0,"y":0.0,"z":0.0,"w":0.0},{"x":0.0,"y":0.0,"z":0.0,"w":0.0},{"x":0.0,"y":0.0,"z":0.0,"w":0.0},{"x":0.0,"y":0.0,"z":0.0,"w":0.0},{"x":0.0,"y":0.0,"z":0.0,"w":0.0},{"x":0.0,"y":0.0,"z":0.0,"w":0.0},{"x":0.0,"y":0.0,"z":0.0,"w":0.0},{"x":0.0,"y":0.0,"z":0.0,"w":0.0},{"x":0.0,"y":0.0,"z":0.0,"w":0.0},{"x":0.0,"y":0.0,"z":0.0,"w":0.0},{"x":0.0,"y":0.0,"z":0.0,"w":0.0},{"x":0.0,"y":0.0,"z":0.0,"w":0.0},{"x":0.0,"y":0.0,"z":0.0,"w":0.0},{"x":0.0,"y":0.0,"z":0.0,"w":0.0},{"x":0.0,"y":0.0,"z":0.0,"w":0.0},{"x":0.0,"y":0.0,"z":0.0,"w":0.0},{"x":0.0,"y":0.0,"z":0.0,"w":0.0},{"x":0.0,"y":0.0,"z":0.0,"w":0.0},{"x":0.0,"y":0.0,"z":0.0,"w":0.0},{"x":0.0,"y":0.0,"z":0.0,"w":0.0},{"x":0.0,"y":0.0,"z":0.0,"w":0.0},{"x":0.0,"y":0.0,"z":0.0,"w":0.0},{"x":0.0,"y":0.0,"z":0.0,"w":0.0},{"x":0.0,"y":0.0,"z":0.0,"w":0.0},{"x":0.0,"y":0.0,"z":0.0,"w":0.0},{"x":0.0,"y":0.0,"z":0.0,"w":0.0},{"x":0.0,"y":0.0,"z":0.0,"w":0.0},{"x":0.0,"y":0.0,"z":0.0,"w":0.0},{"x":0.0,"y":0.0,"z":0.0,"w":0.0},{"x":0.0,"y":0.0,"z":0.0,"w":0.0},{"x":0.0,"y":0.0,"z":0.0,"w":0.0},{"x":0.0,"y":0.0,"z":0.0,"w":0.0},{"x":0.0,"y":0.0,"z":0.0,"w":0.0},{"x":0.0,"y":0.0,"z":0.0,"w":0.0},{"x":0.0,"y":0.0,"z":0.0,"w":0.0},{"x":0.0,"y":0.0,"z":0.0,"w":0.0},{"x":0.0,"y":0.0,"z":0.0,"w":0.0},{"x":0.0,"y":0.0,"z":0.0,"w":0.0},{"x":0.0,"y":0.0,"z":0.0,"w":0.0},{"x":0.0,"y":0.0,"z":0.0,"w":0.0},{"x":0.0,"y":0.0,"z":0.0,"w":0.0},{"x":0.0,"y":0.0,"z":0.0,"w":0.0},{"x":0.0,"y":0.0,"z":0.0,"w":0.0},{"x":0.0,"y":0.0,"z":0.0,"w":0.0},{"x":0.0,"y":0.0,"z":0.0,"w":0.0},{"x":0.0,"y":0.0,"z":0.0,"w":0.0},{"x":0.0,"y":0.0,"z":0.0,"w":0.0},{"x":0.0,"y":0.0,"z":0.0,"w":0.0},{"x":0.0,"y":0.0,"z":0.0,"w":0.0},{"x":0.0,"y":0.0,"z":0.0,"w":0.0},{"x":0.0,"y":0.0,"z":0.0,"w":0.0},{"x":0.0,"y":0.0,"z":0.0,"w":0.0},{"x":0.0,"y":0.0,"z":0.0,"w":0.0},{"x":0.0,"y":0.0,"z":0.0,"w":0.0},{"x":0.0,"y":0.0,"z":0.0,"w":0.0},{"x":0.0,"y":0.0,"z":0.0,"w":0.0},{"x":0.0,"y":0.0,"z":0.0,"w":0.0},{"x":0.0,"y":0.0,"z":0.0,"w":0.0},{"x":0.0,"y":0.0,"z":0.0,"w":0.0},{"x":0.0,"y":0.0,"z":0.0,"w":0.0},{"x":0.0,"y":0.0,"z":0.0,"w":0.0},{"x":0.0,"y":0.0,"z":0.0,"w":0.0},{"x":0.0,"y":0.0,"z":0.0,"w":0.0},{"x":0.0,"y":0.0,"z":0.0,"w":0.0},{"x":0.0,"y":0.0,"z":0.0,"w":0.0},{"x":0.0,"y":0.0,"z":0.0,"w":0.0},{"x":0.0,"y":0.0,"z":0.0,"w":0.0},{"x":0.0,"y":0.0,"z":0.0,"w":0.0},{"x":0.0,"y":0.0,"z":0.0,"w":0.0},{"x":0.0,"y":0.0,"z":0.0,"w":0.0},{"x":0.0,"y":0.0,"z":0.0,"w":0.0},{"x":0.0,"y":0.0,"z":0.0,"w":0.0},{"x":0.0,"y":0.0,"z":0.0,"w":0.0},{"x":0.0,"y":0.0,"z":0.0,"w":0.0},{"x":0.0,"y":0.0,"z":0.0,"w":0.0},{"x":0.0,"y":0.0,"z":0.0,"w":0.0},{"x":0.0,"y":0.0,"z":0.0,"w":0.0},{"x":0.0,"y":0.0,"z":0.0,"w":0.0},{"x":0.0,"y":0.0,"z":0.0,"w":0.0},{"x":0.0,"y":0.0,"z":0.0,"w":0.0},{"x":0.0,"y":0.0,"z":0.0,"w":0.0},{"x":0.0,"y":0.0,"z":0.0,"w":0.0},{"x":0.0,"y":0.0,"z":0.0,"w":0.0},{"x":0.0,"y":0.0,"z":0.0,"w":0.0},{"x":0.0,"y":0.0,"z":0.0,"w":0.0},{"x":0.0,"y":0.0,"z":0.0,"w":0.0},{"x":0.0,"y":0.0,"z":0.0,"w":0.0},{"x":0.0,"y":0.0,"z":0.0,"w":0.0},{"x":0.0,"y":0.0,"z":0.0,"w":0.0},{"x":0.0,"y":0.0,"z":0.0,"w":0.0},{"x":0.0,"y":0.0,"z":0.0,"w":0.0},{"x":0.0,"y":0.0,"z":0.0,"w":0.0},{"x":0.0,"y":0.0,"z":0.0,"w":0.0},{"x":0.0,"y":0.0,"z":0.0,"w":0.0},{"x":0.0,"y":0.0,"z":0.0,"w":0.0},{"x":0.0,"y":0.0,"z":0.0,"w":0.0},{"x":0.0,"y":0.0,"z":0.0,"w":0.0},{"x":0.0,"y":0.0,"z":0.0,"w":0.0},{"x":0.0,"y":0.0,"z":0.0,"w":0.0},{"x":0.0,"y":0.0,"z":0.0,"w":0.0},{"x":0.0,"y":0.0,"z":0.0,"w":0.0},{"x":0.0,"y":0.0,"z":0.0,"w":0.0},{"x":0.0,"y":0.0,"z":0.0,"w":0.0},{"x":0.0,"y":0.0,"z":0.0,"w":0.0},{"x":0.0,"y":0.0,"z":0.0,"w":0.0},{"x":0.0,"y":0.0,"z":0.0,"w":0.0},{"x":0.0,"y":0.0,"z":0.0,"w":0.0},{"x":0.0,"y":0.0,"z":0.0,"w":0.0},{"x":0.0,"y":0.0,"z":0.0,"w":0.0},{"x":0.0,"y":0.0,"z":0.0,"w":0.0},{"x":0.0,"y":0.0,"z":0.0,"w":0.0},{"x":0.0,"y":0.0,"z":0.0,"w":0.0},{"x":0.0,"y":0.0,"z":0.0,"w":0.0},{"x":0.0,"y":0.0,"z":0.0,"w":0.0},{"x":0.0,"y":0.0,"z":0.0,"w":0.0},{"x":0.0,"y":0.0,"z":0.0,"w":0.0},{"x":0.0,"y":0.0,"z":0.0,"w":0.0},{"x":0.0,"y":0.0,"z":0.0,"w":0.0},{"x":0.0,"y":0.0,"z":0.0,"w":0.0},{"x":0.0,"y":0.0,"z":0.0,"w":0.0},{"x":0.0,"y":0.0,"z":0.0,"w":0.0},{"x":0.0,"y":0.0,"z":0.0,"w":0.0},{"x":0.0,"y":0.0,"z":0.0,"w":0.0},{"x":0.0,"y":0.0,"z":0.0,"w":0.0},{"x":0.0,"y":0.0,"z":0.0,"w":0.0},{"x":0.0,"y":0.0,"z":0.0,"w":0.0},{"x":0.0,"y":0.0,"z":0.0,"w":0.0},{"x":0.0,"y":0.0,"z":0.0,"w":0.0},{"x":0.0,"y":0.0,"z":0.0,"w":0.0},{"x":0.0,"y":0.0,"z":0.0,"w":0.0},{"x":0.0,"y":0.0,"z":0.0,"w":0.0},{"x":0.0,"y":0.0,"z":0.0,"w":0.0},{"x":0.0,"y":0.0,"z":0.0,"w":0.0},{"x":0.0,"y":0.0,"z":0.0,"w":0.0},{"x":0.0,"y":0.0,"z":0.0,"w":0.0},{"x":0.0,"y":0.0,"z":0.0,"w":0.0},{"x":0.0,"y":0.0,"z":0.0,"w":0.0},{"x":0.0,"y":0.0,"z":0.0,"w":0.0},{"x":0.0,"y":0.0,"z":0.0,"w":0.0},{"x":0.0,"y":0.0,"z":0.0,"w":0.0},{"x":0.0,"y":0.0,"z":0.0,"w":0.0},{"x":0.0,"y":0.0,"z":0.0,"w":0.0},{"x":0.0,"y":0.0,"z":0.0,"w":0.0},{"x":0.0,"y":0.0,"z":0.0,"w":0.0},{"x":0.0,"y":0.0,"z":0.0,"w":0.0},{"x":0.0,"y":0.0,"z":0.0,"w":0.0},{"x":0.0,"y":0.0,"z":0.0,"w":0.0},{"x":0.0,"y":0.0,"z":0.0,"w":0.0},{"x":0.0,"y":0.0,"z":0.0,"w":0.0},{"x":0.0,"y":0.0,"z":0.0,"w":0.0},{"x":0.0,"y":0.0,"z":0.0,"w":0.0},{"x":0.0,"y":0.0,"z":0.0,"w":0.0},{"x":0.0,"y":0.0,"z":0.0,"w":0.0},{"x":0.0,"y":0.0,"z":0.0,"w":0.0},{"x":0.0,"y":0.0,"z":0.0,"w":0.0},{"x":0.0,"y":0.0,"z":0.0,"w":0.0},{"x":0.0,"y":0.0,"z":0.0,"w":0.0},{"x":0.0,"y":0.0,"z":0.0,"w":0.0},{"x":0.0,"y":0.0,"z":0.0,"w":0.0},{"x":0.0,"y":0.0,"z":0.0,"w":0.0},{"x":0.0,"y":0.0,"z":0.0,"w":0.0},{"x":0.0,"y":0.0,"z":0.0,"w":0.0},{"x":0.0,"y":0.0,"z":0.0,"w":0.0},{"x":0.0,"y":0.0,"z":0.0,"w":0.0},{"x":0.0,"y":0.0,"z":0.0,"w":0.0},{"x":0.0,"y":0.0,"z":0.0,"w":0.0},{"x":0.0,"y":0.0,"z":0.0,"w":0.0},{"x":0.0,"y":0.0,"z":0.0,"w":0.0},{"x":0.0,"y":0.0,"z":0.0,"w":0.0},{"x":0.0,"y":0.0,"z":0.0,"w":0.0},{"x":0.0,"y":0.0,"z":0.0,"w":0.0},{"x":0.0,"y":0.0,"z":0.0,"w":0.0},{"x":0.0,"y":0.0,"z":0.0,"w":0.0},{"x":0.0,"y":0.0,"z":0.0,"w":0.0},{"x":0.0,"y":0.0,"z":0.0,"w":0.0},{"x":0.0,"y":0.0,"z":0.0,"w":0.0},{"x":0.0,"y":0.0,"z":0.0,"w":0.0},{"x":0.0,"y":0.0,"z":0.0,"w":0.0},{"x":0.0,"y":0.0,"z":0.0,"w":0.0},{"x":0.0,"y":0.0,"z":0.0,"w":0.0},{"x":0.0,"y":0.0,"z":0.0,"w":0.0},{"x":0.0,"y":0.0,"z":0.0,"w":0.0},{"x":0.0,"y":0.0,"z":0.0,"w":0.0},{"x":0.0,"y":0.0,"z":0.0,"w":0.0},{"x":0.0,"y":0.0,"z":0.0,"w":0.0},{"x":0.0,"y":0.0,"z":0.0,"w":0.0},{"x":0.0,"y":0.0,"z":0.0,"w":0.0},{"x":0.0,"y":0.0,"z":0.0,"w":0.0},{"x":0.0,"y":0.0,"z":0.0,"w":0.0},{"x":0.0,"y":0.0,"z":0.0,"w":0.0},{"x":0.0,"y":0.0,"z":0.0,"w":0.0},{"x":0.0,"y":0.0,"z":0.0,"w":0.0},{"x":0.0,"y":0.0,"z":0.0,"w":0.0},{"x":0.0,"y":0.0,"z":0.0,"w":0.0},{"x":0.0,"y":0.0,"z":0.0,"w":0.0},{"x":0.0,"y":0.0,"z":0.0,"w":0.0},{"x":0.0,"y":0.0,"z":0.0,"w":0.0},{"x":0.0,"y":0.0,"z":0.0,"w":0.0},{"x":0.0,"y":0.0,"z":0.0,"w":0.0},{"x":0.0,"y":0.0,"z":0.0,"w":0.0},{"x":0.0,"y":0.0,"z":0.0,"w":0.0},{"x":0.0,"y":0.0,"z":0.0,"w":0.0},{"x":0.0,"y":0.0,"z":0.0,"w":0.0},{"x":0.0,"y":0.0,"z":0.0,"w":0.0},{"x":0.0,"y":0.0,"z":0.0,"w":0.0},{"x":0.0,"y":0.0,"z":0.0,"w":0.0},{"x":0.0,"y":0.0,"z":0.0,"w":0.0},{"x":0.0,"y":0.0,"z":0.0,"w":0.0},{"x":0.0,"y":0.0,"z":0.0,"w":0.0},{"x":0.0,"y":0.0,"z":0.0,"w":0.0},{"x":0.0,"y":0.0,"z":0.0,"w":0.0},{"x":0.0,"y":0.0,"z":0.0,"w":0.0},{"x":0.0,"y":0.0,"z":0.0,"w":0.0},{"x":0.0,"y":0.0,"z":0.0,"w":0.0},{"x":0.0,"y":0.0,"z":0.0,"w":0.0},{"x":0.0,"y":0.0,"z":0.0,"w":0.0},{"x":0.0,"y":0.0,"z":0.0,"w":0.0},{"x":0.0,"y":0.0,"z":0.0,"w":0.0},{"x":0.0,"y":0.0,"z":0.0,"w":0.0},{"x":0.0,"y":0.0,"z":0.0,"w":0.0},{"x":0.0,"y":0.0,"z":0.0,"w":0.0},{"x":0.0,"y":0.0,"z":0.0,"w":0.0},{"x":0.0,"y":0.0,"z":0.0,"w":0.0},{"x":0.0,"y":0.0,"z":0.0,"w":0.0},{"x":0.0,"y":0.0,"z":0.0,"w":0.0},{"x":0.0,"y":0.0,"z":0.0,"w":0.0},{"x":0.0,"y":0.0,"z":0.0,"w":0.0},{"x":0.0,"y":0.0,"z":0.0,"w":0.0},{"x":0.0,"y":0.0,"z":0.0,"w":0.0},{"x":0.0,"y":0.0,"z":0.0,"w":0.0},{"x":0.0,"y":0.0,"z":0.0,"w":0.0},{"x":0.0,"y":0.0,"z":0.0,"w":0.0},{"x":0.0,"y":0.0,"z":0.0,"w":0.0},{"x":0.0,"y":0.0,"z":0.0,"w":0.0},{"x":0.0,"y":0.0,"z":0.0,"w":0.0},{"x":0.0,"y":0.0,"z":0.0,"w":0.0},{"x":0.0,"y":0.0,"z":0.0,"w":0.0},{"x":0.0,"y":0.0,"z":0.0,"w":0.0},{"x":0.0,"y":0.0,"z":0.0,"w":0.0},{"x":0.0,"y":0.0,"z":0.0,"w":0.0},{"x":0.0,"y":0.0,"z":0.0,"w":0.0},{"x":0.0,"y":0.0,"z":0.0,"w":0.0},{"x":0.0,"y":0.0,"z":0.0,"w":0.0},{"x":0.0,"y":0.0,"z":0.0,"w":0.0},{"x":0.0,"y":0.0,"z":0.0,"w":0.0},{"x":0.0,"y":0.0,"z":0.0,"w":0.0},{"x":0.0,"y":0.0,"z":0.0,"w":0.0},{"x":0.0,"y":0.0,"z":0.0,"w":0.0},{"x":0.0,"y":0.0,"z":0.0,"w":0.0},{"x":0.0,"y":0.0,"z":0.0,"w":0.0},{"x":0.0,"y":0.0,"z":0.0,"w":0.0},{"x":0.0,"y":0.0,"z":0.0,"w":0.0},{"x":0.0,"y":0.0,"z":0.0,"w":0.0},{"x":0.0,"y":0.0,"z":0.0,"w":0.0},{"x":0.0,"y":0.0,"z":0.0,"w":0.0},{"x":0.0,"y":0.0,"z":0.0,"w":0.0},{"x":0.0,"y":0.0,"z":0.0,"w":0.0},{"x":0.0,"y":0.0,"z":0.0,"w":0.0},{"x":0.0,"y":0.0,"z":0.0,"w":0.0},{"x":0.0,"y":0.0,"z":0.0,"w":0.0},{"x":0.0,"y":0.0,"z":0.0,"w":0.0},{"x":0.0,"y":0.0,"z":0.0,"w":0.0},{"x":0.0,"y":0.0,"z":0.0,"w":0.0},{"x":0.0,"y":0.0,"z":0.0,"w":0.0},{"x":0.0,"y":0.0,"z":0.0,"w":0.0},{"x":0.0,"y":0.0,"z":0.0,"w":0.0},{"x":0.0,"y":0.0,"z":0.0,"w":0.0},{"x":0.0,"y":0.0,"z":0.0,"w":0.0},{"x":0.0,"y":0.0,"z":0.0,"w":0.0},{"x":0.0,"y":0.0,"z":0.0,"w":0.0},{"x":0.0,"y":0.0,"z":0.0,"w":0.0},{"x":0.0,"y":0.0,"z":0.0,"w":0.0},{"x":0.0,"y":0.0,"z":0.0,"w":0.0},{"x":0.0,"y":0.0,"z":0.0,"w":0.0},{"x":0.0,"y":0.0,"z":0.0,"w":0.0},{"x":0.0,"y":0.0,"z":0.0,"w":0.0},{"x":0.0,"y":0.0,"z":0.0,"w":0.0},{"x":0.0,"y":0.0,"z":0.0,"w":0.0},{"x":0.0,"y":0.0,"z":0.0,"w":0.0},{"x":0.0,"y":0.0,"z":0.0,"w":0.0},{"x":0.0,"y":0.0,"z":0.0,"w":0.0},{"x":0.0,"y":0.0,"z":0.0,"w":0.0},{"x":0.0,"y":0.0,"z":0.0,"w":0.0},{"x":0.0,"y":0.0,"z":0.0,"w":0.0},{"x":0.0,"y":0.0,"z":0.0,"w":0.0},{"x":0.0,"y":0.0,"z":0.0,"w":0.0},{"x":0.0,"y":0.0,"z":0.0,"w":0.0},{"x":0.0,"y":0.0,"z":0.0,"w":0.0},{"x":0.0,"y":0.0,"z":0.0,"w":0.0},{"x":0.0,"y":0.0,"z":0.0,"w":0.0},{"x":0.0,"y":0.0,"z":0.0,"w":0.0},{"x":0.0,"y":0.0,"z":0.0,"w":0.0},{"x":0.0,"y":0.0,"z":0.0,"w":0.0},{"x":0.0,"y":0.0,"z":0.0,"w":0.0},{"x":0.0,"y":0.0,"z":0.0,"w":0.0},{"x":0.0,"y":0.0,"z":0.0,"w":0.0},{"x":0.0,"y":0.0,"z":0.0,"w":0.0},{"x":0.0,"y":0.0,"z":0.0,"w":0.0},{"x":0.0,"y":0.0,"z":0.0,"w":0.0},{"x":0.0,"y":0.0,"z":0.0,"w":0.0},{"x":0.0,"y":0.0,"z":0.0,"w":0.0},{"x":0.0,"y":0.0,"z":0.0,"w":0.0},{"x":0.0,"y":0.0,"z":0.0,"w":0.0},{"x":0.0,"y":0.0,"z":0.0,"w":0.0},{"x":0.0,"y":0.0,"z":0.0,"w":0.0},{"x":0.0,"y":0.0,"z":0.0,"w":0.0},{"x":0.0,"y":0.0,"z":0.0,"w":0.0},{"x":0.0,"y":0.0,"z":0.0,"w":0.0},{"x":0.0,"y":0.0,"z":0.0,"w":0.0},{"x":0.0,"y":0.0,"z":0.0,"w":0.0},{"x":0.0,"y":0.0,"z":0.0,"w":0.0},{"x":0.0,"y":0.0,"z":0.0,"w":0.0},{"x":0.0,"y":0.0,"z":0.0,"w":0.0},{"x":0.0,"y":0.0,"z":0.0,"w":0.0},{"x":0.0,"y":0.0,"z":0.0,"w":0.0},{"x":0.0,"y":0.0,"z":0.0,"w":0.0},{"x":0.0,"y":0.0,"z":0.0,"w":0.0},{"x":0.0,"y":0.0,"z":0.0,"w":0.0},{"x":0.0,"y":0.0,"z":0.0,"w":0.0},{"x":0.0,"y":0.0,"z":0.0,"w":0.0},{"x":0.0,"y":0.0,"z":0.0,"w":0.0},{"x":0.0,"y":0.0,"z":0.0,"w":0.0},{"x":0.0,"y":0.0,"z":0.0,"w":0.0},{"x":0.0,"y":0.0,"z":0.0,"w":0.0},{"x":0.0,"y":0.0,"z":0.0,"w":0.0},{"x":0.0,"y":0.0,"z":0.0,"w":0.0},{"x":0.0,"y":0.0,"z":0.0,"w":0.0},{"x":0.0,"y":0.0,"z":0.0,"w":0.0},{"x":0.0,"y":0.0,"z":0.0,"w":0.0},{"x":0.0,"y":0.0,"z":0.0,"w":0.0},{"x":0.0,"y":0.0,"z":0.0,"w":0.0},{"x":0.0,"y":0.0,"z":0.0,"w":0.0},{"x":0.0,"y":0.0,"z":0.0,"w":0.0},{"x":0.0,"y":0.0,"z":0.0,"w":0.0},{"x":0.0,"y":0.0,"z":0.0,"w":0.0},{"x":0.0,"y":0.0,"z":0.0,"w":0.0},{"x":0.0,"y":0.0,"z":0.0,"w":0.0},{"x":0.0,"y":0.0,"z":0.0,"w":0.0},{"x":0.0,"y":0.0,"z":0.0,"w":0.0},{"x":0.0,"y":0.0,"z":0.0,"w":0.0},{"x":0.0,"y":0.0,"z":0.0,"w":0.0},{"x":0.0,"y":0.0,"z":0.0,"w":0.0},{"x":0.0,"y":0.0,"z":0.0,"w":0.0},{"x":0.0,"y":0.0,"z":0.0,"w":0.0},{"x":0.0,"y":0.0,"z":0.0,"w":0.0},{"x":0.0,"y":0.0,"z":0.0,"w":0.0},{"x":0.0,"y":0.0,"z":0.0,"w":0.0},{"x":0.0,"y":0.0,"z":0.0,"w":0.0},{"x":0.0,"y":0.0,"z":0.0,"w":0.0},{"x":0.0,"y":0.0,"z":0.0,"w":0.0},{"x":0.0,"y":0.0,"z":0.0,"w":0.0},{"x":0.0,"y":0.0,"z":0.0,"w":0.0},{"x":0.0,"y":0.0,"z":0.0,"w":0.0},{"x":0.0,"y":0.0,"z":0.0,"w":0.0},{"x":0.0,"y":0.0,"z":0.0,"w":0.0},{"x":0.0,"y":0.0,"z":0.0,"w":0.0},{"x":0.0,"y":0.0,"z":0.0,"w":0.0},{"x":0.0,"y":0.0,"z":0.0,"w":0.0},{"x":0.0,"y":0.0,"z":0.0,"w":0.0},{"x":0.0,"y":0.0,"z":0.0,"w":0.0},{"x":0.0,"y":0.0,"z":0.0,"w":0.0},{"x":0.0,"y":0.0,"z":0.0,"w":0.0},{"x":0.0,"y":0.0,"z":0.0,"w":0.0},{"x":0.0,"y":0.0,"z":0.0,"w":0.0},{"x":0.0,"y":0.0,"z":0.0,"w":0.0},{"x":0.0,"y":0.0,"z":0.0,"w":0.0},{"x":0.0,"y":0.0,"z":0.0,"w":0.0},{"x":0.0,"y":0.0,"z":0.0,"w":0.0},{"x":0.0,"y":0.0,"z":0.0,"w":0.0},{"x":0.0,"y":0.0,"z":0.0,"w":0.0},{"x":0.0,"y":0.0,"z":0.0,"w":0.0},{"x":0.0,"y":0.0,"z":0.0,"w":0.0},{"x":0.0,"y":0.0,"z":0.0,"w":0.0},{"x":0.0,"y":0.0,"z":0.0,"w":0.0},{"x":0.0,"y":0.0,"z":0.0,"w":0.0},{"x":0.0,"y":0.0,"z":0.0,"w":0.0},{"x":0.0,"y":0.0,"z":0.0,"w":0.0},{"x":0.0,"y":0.0,"z":0.0,"w":0.0},{"x":0.0,"y":0.0,"z":0.0,"w":0.0},{"x":0.0,"y":0.0,"z":0.0,"w":0.0},{"x":0.0,"y":0.0,"z":0.0,"w":0.0},{"x":0.0,"y":0.0,"z":0.0,"w":0.0},{"x":0.0,"y":0.0,"z":0.0,"w":0.0},{"x":0.0,"y":0.0,"z":0.0,"w":0.0},{"x":0.0,"y":0.0,"z":0.0,"w":0.0},{"x":0.0,"y":0.0,"z":0.0,"w":0.0},{"x":0.0,"y":0.0,"z":0.0,"w":0.0},{"x":0.0,"y":0.0,"z":0.0,"w":0.0},{"x":0.0,"y":0.0,"z":0.0,"w":0.0},{"x":0.0,"y":0.0,"z":0.0,"w":0.0},{"x":0.0,"y":0.0,"z":0.0,"w":0.0},{"x":0.0,"y":0.0,"z":0.0,"w":0.0},{"x":0.0,"y":0.0,"z":0.0,"w":0.0},{"x":0.0,"y":0.0,"z":0.0,"w":0.0},{"x":0.0,"y":0.0,"z":0.0,"w":0.0},{"x":0.0,"y":0.0,"z":0.0,"w":0.0},{"x":0.0,"y":0.0,"z":0.0,"w":0.0},{"x":0.0,"y":0.0,"z":0.0,"w":0.0},{"x":0.0,"y":0.0,"z":0.0,"w":0.0},{"x":0.0,"y":0.0,"z":0.0,"w":0.0},{"x":0.0,"y":0.0,"z":0.0,"w":0.0},{"x":0.0,"y":0.0,"z":0.0,"w":0.0},{"x":0.0,"y":0.0,"z":0.0,"w":0.0},{"x":0.0,"y":0.0,"z":0.0,"w":0.0},{"x":0.0,"y":0.0,"z":0.0,"w":0.0},{"x":0.0,"y":0.0,"z":0.0,"w":0.0},{"x":0.0,"y":0.0,"z":0.0,"w":0.0},{"x":0.0,"y":0.0,"z":0.0,"w":0.0},{"x":0.0,"y":0.0,"z":0.0,"w":0.0},{"x":0.0,"y":0.0,"z":0.0,"w":0.0},{"x":0.0,"y":0.0,"z":0.0,"w":0.0},{"x":0.0,"y":0.0,"z":0.0,"w":0.0},{"x":0.0,"y":0.0,"z":0.0,"w":0.0},{"x":0.0,"y":0.0,"z":0.0,"w":0.0},{"x":0.0,"y":0.0,"z":0.0,"w":0.0},{"x":0.0,"y":0.0,"z":0.0,"w":0.0},{"x":0.0,"y":0.0,"z":0.0,"w":0.0},{"x":0.0,"y":0.0,"z":0.0,"w":0.0},{"x":0.0,"y":0.0,"z":0.0,"w":0.0},{"x":0.0,"y":0.0,"z":0.0,"w":0.0},{"x":0.0,"y":0.0,"z":0.0,"w":0.0},{"x":0.0,"y":0.0,"z":0.0,"w":0.0},{"x":0.0,"y":0.0,"z":0.0,"w":0.0},{"x":0.0,"y":0.0,"z":0.0,"w":0.0},{"x":0.0,"y":0.0,"z":0.0,"w":0.0},{"x":0.0,"y":0.0,"z":0.0,"w":0.0},{"x":0.0,"y":0.0,"z":0.0,"w":0.0},{"x":0.0,"y":0.0,"z":0.0,"w":0.0},{"x":0.0,"y":0.0,"z":0.0,"w":0.0},{"x":0.0,"y":0.0,"z":0.0,"w":0.0},{"x":0.0,"y":0.0,"z":0.0,"w":0.0},{"x":0.0,"y":0.0,"z":0.0,"w":0.0},{"x":0.0,"y":0.0,"z":0.0,"w":0.0},{"x":0.0,"y":0.0,"z":0.0,"w":0.0},{"x":0.0,"y":0.0,"z":0.0,"w":0.0},{"x":0.0,"y":0.0,"z":0.0,"w":0.0},{"x":0.0,"y":0.0,"z":0.0,"w":0.0},{"x":0.0,"y":0.0,"z":0.0,"w":0.0},{"x":0.0,"y":0.0,"z":0.0,"w":0.0},{"x":0.0,"y":0.0,"z":0.0,"w":0.0},{"x":0.0,"y":0.0,"z":0.0,"w":0.0},{"x":0.0,"y":0.0,"z":0.0,"w":0.0},{"x":0.0,"y":0.0,"z":0.0,"w":0.0},{"x":0.0,"y":0.0,"z":0.0,"w":0.0},{"x":0.0,"y":0.0,"z":0.0,"w":0.0},{"x":0.0,"y":0.0,"z":0.0,"w":0.0},{"x":0.0,"y":0.0,"z":0.0,"w":0.0},{"x":0.0,"y":0.0,"z":0.0,"w":0.0},{"x":0.0,"y":0.0,"z":0.0,"w":0.0},{"x":0.0,"y":0.0,"z":0.0,"w":0.0},{"x":0.0,"y":0.0,"z":0.0,"w":0.0},{"x":0.0,"y":0.0,"z":0.0,"w":0.0},{"x":0.0,"y":0.0,"z":0.0,"w":0.0},{"x":0.0,"y":0.0,"z":0.0,"w":0.0},{"x":0.0,"y":0.0,"z":0.0,"w":0.0},{"x":0.0,"y":0.0,"z":0.0,"w":0.0},{"x":0.0,"y":0.0,"z":0.0,"w":0.0},{"x":0.0,"y":0.0,"z":0.0,"w":0.0},{"x":0.0,"y":0.0,"z":0.0,"w":0.0},{"x":0.0,"y":0.0,"z":0.0,"w":0.0},{"x":0.0,"y":0.0,"z":0.0,"w":0.0},{"x":0.0,"y":0.0,"z":0.0,"w":0.0},{"x":0.0,"y":0.0,"z":0.0,"w":0.0},{"x":0.0,"y":0.0,"z":0.0,"w":0.0},{"x":0.0,"y":0.0,"z":0.0,"w":0.0},{"x":0.0,"y":0.0,"z":0.0,"w":0.0},{"x":0.0,"y":0.0,"z":0.0,"w":0.0},{"x":0.0,"y":0.0,"z":0.0,"w":0.0},{"x":0.0,"y":0.0,"z":0.0,"w":0.0},{"x":0.0,"y":0.0,"z":0.0,"w":0.0},{"x":0.0,"y":0.0,"z":0.0,"w":0.0},{"x":0.0,"y":0.0,"z":0.0,"w":0.0},{"x":0.0,"y":0.0,"z":0.0,"w":0.0},{"x":0.0,"y":0.0,"z":0.0,"w":0.0},{"x":0.0,"y":0.0,"z":0.0,"w":0.0},{"x":0.0,"y":0.0,"z":0.0,"w":0.0},{"x":0.0,"y":0.0,"z":0.0,"w":0.0},{"x":0.0,"y":0.0,"z":0.0,"w":0.0},{"x":0.0,"y":0.0,"z":0.0,"w":0.0},{"x":0.0,"y":0.0,"z":0.0,"w":0.0},{"x":0.0,"y":0.0,"z":0.0,"w":0.0},{"x":0.0,"y":0.0,"z":0.0,"w":0.0},{"x":0.0,"y":0.0,"z":0.0,"w":0.0},{"x":0.0,"y":0.0,"z":0.0,"w":0.0},{"x":0.0,"y":0.0,"z":0.0,"w":0.0},{"x":0.0,"y":0.0,"z":0.0,"w":0.0},{"x":0.0,"y":0.0,"z":0.0,"w":0.0},{"x":0.0,"y":0.0,"z":0.0,"w":0.0},{"x":0.0,"y":0.0,"z":0.0,"w":0.0},{"x":0.0,"y":0.0,"z":0.0,"w":0.0},{"x":0.0,"y":0.0,"z":0.0,"w":0.0},{"x":0.0,"y":0.0,"z":0.0,"w":0.0},{"x":0.0,"y":0.0,"z":0.0,"w":0.0},{"x":0.0,"y":0.0,"z":0.0,"w":0.0},{"x":0.0,"y":0.0,"z":0.0,"w":0.0},{"x":0.0,"y":0.0,"z":0.0,"w":0.0},{"x":0.0,"y":0.0,"z":0.0,"w":0.0},{"x":0.0,"y":0.0,"z":0.0,"w":0.0},{"x":0.0,"y":0.0,"z":0.0,"w":0.0},{"x":0.0,"y":0.0,"z":0.0,"w":0.0},{"x":0.0,"y":0.0,"z":0.0,"w":0.0},{"x":0.0,"y":0.0,"z":0.0,"w":0.0},{"x":0.0,"y":0.0,"z":0.0,"w":0.0},{"x":0.0,"y":0.0,"z":0.0,"w":0.0},{"x":0.0,"y":0.0,"z":0.0,"w":0.0},{"x":0.0,"y":0.0,"z":0.0,"w":0.0},{"x":0.0,"y":0.0,"z":0.0,"w":0.0},{"x":0.0,"y":0.0,"z":0.0,"w":0.0},{"x":0.0,"y":0.0,"z":0.0,"w":0.0},{"x":0.0,"y":0.0,"z":0.0,"w":0.0},{"x":0.0,"y":0.0,"z":0.0,"w":0.0},{"x":0.0,"y":0.0,"z":0.0,"w":0.0},{"x":0.0,"y":0.0,"z":0.0,"w":0.0},{"x":0.0,"y":0.0,"z":0.0,"w":0.0},{"x":0.0,"y":0.0,"z":0.0,"w":0.0},{"x":0.0,"y":0.0,"z":0.0,"w":0.0},{"x":0.0,"y":0.0,"z":0.0,"w":0.0},{"x":0.0,"y":0.0,"z":0.0,"w":0.0},{"x":0.0,"y":0.0,"z":0.0,"w":0.0},{"x":0.0,"y":0.0,"z":0.0,"w":0.0},{"x":0.0,"y":0.0,"z":0.0,"w":0.0},{"x":0.0,"y":0.0,"z":0.0,"w":0.0},{"x":0.0,"y":0.0,"z":0.0,"w":0.0},{"x":0.0,"y":0.0,"z":0.0,"w":0.0},{"x":0.0,"y":0.0,"z":0.0,"w":0.0},{"x":0.0,"y":0.0,"z":0.0,"w":0.0},{"x":0.0,"y":0.0,"z":0.0,"w":0.0},{"x":0.0,"y":0.0,"z":0.0,"w":0.0},{"x":0.0,"y":0.0,"z":0.0,"w":0.0},{"x":0.0,"y":0.0,"z":0.0,"w":0.0},{"x":0.0,"y":0.0,"z":0.0,"w":0.0},{"x":0.0,"y":0.0,"z":0.0,"w":0.0},{"x":0.0,"y":0.0,"z":0.0,"w":0.0},{"x":0.0,"y":0.0,"z":0.0,"w":0.0},{"x":0.0,"y":0.0,"z":0.0,"w":0.0},{"x":0.0,"y":0.0,"z":0.0,"w":0.0},{"x":0.0,"y":0.0,"z":0.0,"w":0.0},{"x":0.0,"y":0.0,"z":0.0,"w":0.0},{"x":0.0,"y":0.0,"z":0.0,"w":0.0},{"x":0.0,"y":0.0,"z":0.0,"w":0.0},{"x":0.0,"y":0.0,"z":0.0,"w":0.0},{"x":0.0,"y":0.0,"z":0.0,"w":0.0},{"x":0.0,"y":0.0,"z":0.0,"w":0.0},{"x":0.0,"y":0.0,"z":0.0,"w":0.0},{"x":0.0,"y":0.0,"z":0.0,"w":0.0},{"x":0.0,"y":0.0,"z":0.0,"w":0.0},{"x":0.0,"y":0.0,"z":0.0,"w":0.0},{"x":0.0,"y":0.0,"z":0.0,"w":0.0},{"x":0.0,"y":0.0,"z":0.0,"w":0.0},{"x":0.0,"y":0.0,"z":0.0,"w":0.0},{"x":0.0,"y":0.0,"z":0.0,"w":0.0},{"x":0.0,"y":0.0,"z":0.0,"w":0.0},{"x":0.0,"y":0.0,"z":0.0,"w":0.0},{"x":0.0,"y":0.0,"z":0.0,"w":0.0},{"x":0.0,"y":0.0,"z":0.0,"w":0.0},{"x":0.0,"y":0.0,"z":0.0,"w":0.0},{"x":0.0,"y":0.0,"z":0.0,"w":0.0},{"x":0.0,"y":0.0,"z":0.0,"w":0.0},{"x":0.0,"y":0.0,"z":0.0,"w":0.0},{"x":0.0,"y":0.0,"z":0.0,"w":0.0},{"x":0.0,"y":0.0,"z":0.0,"w":0.0},{"x":0.0,"y":0.0,"z":0.0,"w":0.0},{"x":0.0,"y":0.0,"z":0.0,"w":0.0},{"x":0.0,"y":0.0,"z":0.0,"w":0.0},{"x":0.0,"y":0.0,"z":0.0,"w":0.0},{"x":0.0,"y":0.0,"z":0.0,"w":0.0},{"x":0.0,"y":0.0,"z":0.0,"w":0.0},{"x":0.0,"y":0.0,"z":0.0,"w":0.0},{"x":0.0,"y":0.0,"z":0.0,"w":0.0},{"x":0.0,"y":0.0,"z":0.0,"w":0.0},{"x":0.0,"y":0.0,"z":0.0,"w":0.0},{"x":0.0,"y":0.0,"z":0.0,"w":0.0},{"x":0.0,"y":0.0,"z":0.0,"w":0.0},{"x":0.0,"y":0.0,"z":0.0,"w":0.0},{"x":0.0,"y":0.0,"z":0.0,"w":0.0},{"x":0.0,"y":0.0,"z":0.0,"w":0.0},{"x":0.0,"y":0.0,"z":0.0,"w":0.0},{"x":0.0,"y":0.0,"z":0.0,"w":0.0},{"x":0.0,"y":0.0,"z":0.0,"w":0.0},{"x":0.0,"y":0.0,"z":0.0,"w":0.0},{"x":0.0,"y":0.0,"z":0.0,"w":0.0},{"x":0.0,"y":0.0,"z":0.0,"w":0.0},{"x":0.0,"y":0.0,"z":0.0,"w":0.0},{"x":0.0,"y":0.0,"z":0.0,"w":0.0},{"x":0.0,"y":0.0,"z":0.0,"w":0.0},{"x":0.0,"y":0.0,"z":0.0,"w":0.0},{"x":0.0,"y":0.0,"z":0.0,"w":0.0},{"x":0.0,"y":0.0,"z":0.0,"w":0.0},{"x":0.0,"y":0.0,"z":0.0,"w":0.0},{"x":0.0,"y":0.0,"z":0.0,"w":0.0},{"x":0.0,"y":0.0,"z":0.0,"w":0.0},{"x":0.0,"y":0.0,"z":0.0,"w":0.0},{"x":0.0,"y":0.0,"z":0.0,"w":0.0},{"x":0.0,"y":0.0,"z":0.0,"w":0.0},{"x":0.0,"y":0.0,"z":0.0,"w":0.0},{"x":0.0,"y":0.0,"z":0.0,"w":0.0},{"x":0.0,"y":0.0,"z":0.0,"w":0.0},{"x":0.0,"y":0.0,"z":0.0,"w":0.0},{"x":0.0,"y":0.0,"z":0.0,"w":0.0},{"x":0.0,"y":0.0,"z":0.0,"w":0.0},{"x":0.0,"y":0.0,"z":0.0,"w":0.0},{"x":0.0,"y":0.0,"z":0.0,"w":0.0},{"x":0.0,"y":0.0,"z":0.0,"w":0.0},{"x":0.0,"y":0.0,"z":0.0,"w":0.0},{"x":0.0,"y":0.0,"z":0.0,"w":0.0},{"x":0.0,"y":0.0,"z":0.0,"w":0.0},{"x":0.0,"y":0.0,"z":0.0,"w":0.0},{"x":0.0,"y":0.0,"z":0.0,"w":0.0},{"x":0.0,"y":0.0,"z":0.0,"w":0.0},{"x":0.0,"y":0.0,"z":0.0,"w":0.0},{"x":0.0,"y":0.0,"z":0.0,"w":0.0},{"x":0.0,"y":0.0,"z":0.0,"w":0.0},{"x":0.0,"y":0.0,"z":0.0,"w":0.0},{"x":0.0,"y":0.0,"z":0.0,"w":0.0},{"x":0.0,"y":0.0,"z":0.0,"w":0.0},{"x":0.0,"y":0.0,"z":0.0,"w":0.0},{"x":0.0,"y":0.0,"z":0.0,"w":0.0},{"x":0.0,"y":0.0,"z":0.0,"w":0.0},{"x":0.0,"y":0.0,"z":0.0,"w":0.0},{"x":0.0,"y":0.0,"z":0.0,"w":0.0},{"x":0.0,"y":0.0,"z":0.0,"w":0.0},{"x":0.0,"y":0.0,"z":0.0,"w":0.0},{"x":0.0,"y":0.0,"z":0.0,"w":0.0},{"x":0.0,"y":0.0,"z":0.0,"w":0.0},{"x":0.0,"y":0.0,"z":0.0,"w":0.0},{"x":0.0,"y":0.0,"z":0.0,"w":0.0},{"x":0.0,"y":0.0,"z":0.0,"w":0.0},{"x":0.0,"y":0.0,"z":0.0,"w":0.0},{"x":0.0,"y":0.0,"z":0.0,"w":0.0},{"x":0.0,"y":0.0,"z":0.0,"w":0.0},{"x":0.0,"y":0.0,"z":0.0,"w":0.0},{"x":0.0,"y":0.0,"z":0.0,"w":0.0},{"x":0.0,"y":0.0,"z":0.0,"w":0.0},{"x":0.0,"y":0.0,"z":0.0,"w":0.0},{"x":0.0,"y":0.0,"z":0.0,"w":0.0},{"x":0.0,"y":0.0,"z":0.0,"w":0.0},{"x":0.0,"y":0.0,"z":0.0,"w":0.0},{"x":0.0,"y":0.0,"z":0.0,"w":0.0},{"x":0.0,"y":0.0,"z":0.0,"w":0.0},{"x":0.0,"y":0.0,"z":0.0,"w":0.0},{"x":0.0,"y":0.0,"z":0.0,"w":0.0},{"x":0.0,"y":0.0,"z":0.0,"w":0.0},{"x":0.0,"y":0.0,"z":0.0,"w":0.0},{"x":0.0,"y":0.0,"z":0.0,"w":0.0},{"x":0.0,"y":0.0,"z":0.0,"w":0.0},{"x":0.0,"y":0.0,"z":0.0,"w":0.0},{"x":0.0,"y":0.0,"z":0.0,"w":0.0},{"x":0.0,"y":0.0,"z":0.0,"w":0.0},{"x":0.0,"y":0.0,"z":0.0,"w":0.0},{"x":0.0,"y":0.0,"z":0.0,"w":0.0},{"x":0.0,"y":0.0,"z":0.0,"w":0.0},{"x":0.0,"y":0.0,"z":0.0,"w":0.0},{"x":0.0,"y":0.0,"z":0.0,"w":0.0},{"x":0.0,"y":0.0,"z":0.0,"w":0.0},{"x":0.0,"y":0.0,"z":0.0,"w":0.0},{"x":0.0,"y":0.0,"z":0.0,"w":0.0},{"x":0.0,"y":0.0,"z":0.0,"w":0.0},{"x":0.0,"y":0.0,"z":0.0,"w":0.0},{"x":0.0,"y":0.0,"z":0.0,"w":0.0}],"messageId":[64,64,64,64,64,64,64,64,64,64,64,64,64,64,64,64,64,64,64,64,64,64,64,64,64,64,64,64,64,64,64,64,64,64,64,64,64,64,64,64,64,64,64,64,64,64,64,64,64,64,64,64,64,64,64,64,64,64,64,64,64,64,64,64,64,64,64,64,64,64,64,64,64,64,64,64,64,64,64,64,64,64,64,64,64,64,64,64,64,64,64,64,64,64,64,64,64,64,64,64,64,65,65,65,65,65,65,65,65,65,65,65,65,65,65,65,65,65,65,65,65,65,65,65,65,65,65,65,65,65,65,65,65,65,65,65,65,65,65,65,65,65,65,65,65,65,65,65,65,65,65,65,65,65,65,65,65,65,65,65,65,65,65,65,65,65,65,65,65,65,65,65,65,65,65,65,65,65,65,65,65,65,65,65,65,65,65,65,65,65,65,65,65,65,65,65,65,65,65,65,65,65,66,66,66,66,66,66,66,66,66,66,66,66,66,66,66,66,66,66,66,66,66,66,66,66,66,66,66,66,66,66,66,66,66,66,66,66,66,66,66,66,66,66,66,66,66,66,66,66,66,66,66,66,66,66,66,66,66,66,66,66,66,66,66,66,66,66,66,66,66,66,66,66,66,66,66,66,66,66,66,66,66,66,66,66,66,66,66,66,66,66,66,66,66,66,66,66,66,66,66,66,66,67,67,67,67,67,67,67,67,67,67,67,67,67,67,67,67,67,67,67,67,67,67,67,67,67,67,67,67,67,67,67,67,67,67,67,67,67,67,67,67,67,67,67,67,67,67,67,67,67,67,67,67,67,67,67,67,67,67,67,67,67,67,67,67,67,67,67,67,67,67,67,67,67,67,67,67,67,67,67,67,67,67,67,67,67,67,67,67,67,67,67,67,67,67,67,67,67,67,67,67,67,68,68,68,68,68,68,68,68,68,68,68,68,68,68,68,68,68,68,68,68,68,68,68,68,68,68,68,68,68,68,68,68,68,68,68,68,68,68,68,68,68,68,68,68,68,68,68,68,68,68,68,68,68,68,68,68,68,68,68,68,68,68,68,68,68,68,68,68,68,68,68,68,68,68,68,68,68,68,68,68,68,68,68,68,68,68,68,68,68,68,68,68,68,68,68,68,68,68,68,68,68,69,69,69,69,69,69,69,69,69,69,69,69,69,69,69,69,69,69,69,69,69,69,69,69,69,69,69,69,69,69,69,69,69,69,69,69,69,69,69,69,69,69,69,69,69,69,69,69,69,69,69,69,69,69,69,69,69,69,69,69,69,69,69,69,69,69,69,69,69,69,69,69,69,69,69,69,69,69,69,69,69,69,69,69,69,69,69,69,69,69,69,69,69,69,69,69,69,69,69,69,69,70,70,70,70,70,70,70,70,70,70,70,70,70,70,70,70,70,70,70,70,70,70,70,70,70,70,70,70,70,70,70,70,70,70,70,70,70,70,70,70,70,70,70,70,70,70,70,70,70,70,70,70,70,70,70,70,70,70,70,70,70,70,70,70,70,70,70,70,70,70,70,70,70,70,70,70,70,70,70,70,70,70,70,70,70,70,70,70,70,70,70,70,70,70,70,70,70,70,70,70,70,71,71,71,71,71,71,71,71,71,71,71,71,71,71,71,71,71,71,71,71,71,71,71,71,71,71,71,71,71,71,71,71,71,71,71,71,71,71,71,71,71,71,71,71,71,71,71,71,71,71,71,71,71,71,71,71,71,71,71,71,71,71,71,71,71,71,71,71,71,71,71,71,71,71,71,71,71,71,71,71,71,71,71,71,71,71,71,71,71,71,71,71,71,71,71,71,71,71,71,71,71,72,72,72,72,72,72,72,72,72,72,72,72,72,72,72,72,72,72,72,72,72,72,72,72,72,72,72,72,72,72,72,72,72,72,72,72,72,72,72,72,72,72,72,72,72,72,72,72,72,72,72,72,72,72,72,72,72,72,72,72,72,72,72,72,72,72,72,72,72,72,72,72,72,72,72,72,72,72,72,72,72,72,72,72,72,72,72,72,72,72,72,72,72,72,72,72,72,72,72,72,72],"localTime":[1733134727,1733134727,1733134727,1733134727,1733134727,1733134727,1733134727,1733134727,1733134727,1733134727,1733134727,1733134727,1733134727,1733134727,1733134727,1733134727,1733134727,1733134727,1733134727,1733134727,1733134727,1733134727,1733134727,1733134727,1733134727,1733134727,1733134727,1733134727,1733134727,1733134727,1733134727,1733134727,1733134727,1733134727,1733134727,1733134727,1733134727,1733134727,1733134727,1733134727,1733134727,1733134727,1733134727,1733134727,1733134727,1733134727,1733134727,1733134727,1733134727,1733134727,1733134727,1733134727,1733134727,1733134727,1733134727,1733134727,1733134727,1733134727,1733134727,1733134727,1733134727,1733134727,1733134727,1733134727,1733134727,1733134727,1733134727,1733134727,1733134727,1733134727,1733134727,1733134727,1733134727,1733134727,1733134727,1733134727,1733134727,1733134727,1733134727,1733134727,1733134727,1733134727,1733134727,1733134727,1733134727,1733134727,1733134727,1733134727,1733134727,1733134727,1733134727,1733134727,1733134727,1733134727,1733134727,1733134727,1733134727,1733134727,1733134727,1733134727,1733134727,1733134730,1733134730,1733134730,1733134730,1733134730,1733134730,1733134730,1733134730,1733134730,1733134730,1733134730,1733134730,1733134730,1733134730,1733134730,1733134730,1733134730,1733134730,1733134730,1733134730,1733134730,1733134730,1733134730,1733134730,1733134730,1733134730,1733134730,1733134730,1733134730,1733134730,1733134730,1733134730,1733134730,1733134730,1733134730,1733134730,1733134730,1733134730,1733134730,1733134730,1733134730,1733134730,1733134730,1733134730,1733134730,1733134730,1733134730,1733134730,1733134730,1733134730,1733134730,1733134730,1733134730,1733134730,1733134730,1733134730,1733134730,1733134730,1733134730,1733134730,1733134730,1733134730,1733134730,1733134730,1733134730,1733134730,1733134730,1733134730,1733134730,1733134730,1733134730,1733134730,1733134730,1733134730,1733134730,1733134730,1733134730,1733134730,1733134730,1733134730,1733134730,1733134730,1733134730,1733134730,1733134730,1733134730,1733134730,1733134730,1733134730,1733134730,1733134730,1733134730,1733134730,1733134730,1733134730,1733134730,1733134730,1733134730,1733134730,1733134730,1733134730,1733134734,1733134734,1733134734,1733134734,1733134734,1733134734,1733134734,1733134734,1733134734,1733134734,1733134734,1733134734,1733134734,1733134734,1733134734,1733134734,1733134734,1733134734,1733134734,1733134734,1733134734,1733134734,1733134734,1733134734,1733134734,1733134734,1733134734,1733134734,1733134734,1733134734,1733134734,1733134734,1733134734,1733134734,1733134734,1733134734,1733134734,1733134734,1733134734,1733134734,1733134734,1733134734,1733134734,1733134734,1733134734,1733134734,1733134734,1733134734,1733134734,1733134734,1733134734,1733134734,1733134734,1733134734,1733134734,1733134734,1733134734,1733134734,1733134734,1733134734,1733134734,1733134734,1733134734,1733134734,1733134734,1733134734,1733134734,1733134734,1733134734,1733134734,1733134734,1733134734,1733134734,1733134734,1733134734,1733134734,1733134734,1733134734,1733134734,1733134734,1733134734,1733134734,1733134734,1733134734,1733134734,1733134734,1733134734,1733134734,1733134734,1733134734,1733134734,1733134734,1733134734,1733134734,1733134734,1733134734,1733134734,1733134734,1733134734,1733134734,1733134734,1733134738,1733134738,1733134738,1733134738,1733134738,1733134738,1733134738,1733134738,1733134738,1733134738,1733134738,1733134738,1733134738,1733134738,1733134738,1733134738,1733134738,1733134738,1733134738,1733134738,1733134738,1733134738,1733134738,1733134738,1733134738,1733134738,1733134738,1733134738,1733134738,1733134738,1733134738,1733134738,1733134738,1733134738,1733134738,1733134738,1733134738,1733134738,1733134738,1733134738,1733134738,1733134738,1733134738,1733134738,1733134738,1733134738,1733134738,1733134738,1733134738,1733134738,1733134738,1733134738,1733134738,1733134738,1733134738,1733134738,1733134738,1733134738,1733134738,1733134738,1733134738,1733134738,1733134738,1733134738,1733134738,1733134738,1733134738,1733134738,1733134738,1733134738,1733134738,1733134738,1733134738,1733134738,1733134738,1733134738,1733134738,1733134738,1733134738,1733134738,1733134738,1733134738,1733134738,1733134738,1733134738,1733134738,1733134738,1733134738,1733134738,1733134738,1733134738,1733134738,1733134738,1733134738,1733134738,1733134738,1733134738,1733134738,1733134738,1733134738,1733134738,1733134742,1733134742,1733134742,1733134742,1733134742,1733134742,1733134742,1733134742,1733134742,1733134742,1733134742,1733134742,1733134742,1733134742,1733134742,1733134742,1733134742,1733134742,1733134742,1733134742,1733134742,1733134742,1733134742,1733134742,1733134742,1733134742,1733134742,1733134742,1733134742,1733134742,1733134742,1733134742,1733134742,1733134742,1733134742,1733134742,1733134742,1733134742,1733134742,1733134742,1733134742,1733134742,1733134742,1733134742,1733134742,1733134742,1733134742,1733134742,1733134742,1733134742,1733134742,1733134742,1733134742,1733134742,1733134742,1733134742,1733134742,1733134742,1733134742,1733134742,1733134742,1733134742,1733134742,1733134742,1733134742,1733134742,1733134742,1733134742,1733134742,1733134742,1733134742,1733134742,1733134742,1733134742,1733134742,1733134742,1733134742,1733134742,1733134742,1733134742,1733134742,1733134742,1733134742,1733134742,1733134742,1733134742,1733134742,1733134742,1733134742,1733134742,1733134742,1733134742,1733134742,1733134742,1733134742,1733134742,1733134742,1733134742,1733134742,1733134742,1733134742,1733134746,1733134746,1733134746,1733134746,1733134746,1733134746,1733134746,1733134746,1733134746,1733134746,1733134746,1733134746,1733134746,1733134746,1733134746,1733134746,1733134746,1733134746,1733134746,1733134746,1733134746,1733134746,1733134746,1733134746,1733134746,1733134746,1733134746,1733134746,1733134746,1733134746,1733134746,1733134746,1733134746,1733134746,1733134746,1733134746,1733134746,1733134746,1733134746,1733134746,1733134746,1733134746,1733134746,1733134746,1733134746,1733134746,1733134746,1733134746,1733134746,1733134746,1733134746,1733134746,1733134746,1733134746,1733134746,1733134746,1733134746,1733134746,1733134746,1733134746,1733134746,1733134746,1733134746,1733134746,1733134746,1733134746,1733134746,1733134746,1733134746,1733134746,1733134746,1733134746,1733134746,1733134746,1733134746,1733134746,1733134746,1733134746,1733134746,1733134746,1733134746,1733134746,1733134746,1733134746,1733134746,1733134746,1733134746,1733134746,1733134746,1733134746,1733134746,1733134746,1733134746,1733134746,1733134746,1733134746,1733134746,1733134746,1733134746,1733134746,1733134746,1733134750,1733134750,1733134750,1733134750,1733134750,1733134750,1733134750,1733134750,1733134750,1733134750,1733134750,1733134750,1733134750,1733134750,1733134750,1733134750,1733134750,1733134750,1733134750,1733134750,1733134750,1733134750,1733134750,1733134750,1733134750,1733134750,1733134750,1733134750,1733134750,1733134750,1733134750,1733134750,1733134750,1733134750,1733134750,1733134750,1733134750,1733134750,1733134750,1733134750,1733134750,1733134750,1733134750,1733134750,1733134750,1733134750,1733134750,1733134750,1733134750,1733134750,1733134750,1733134750,1733134750,1733134750,1733134750,1733134750,1733134750,1733134750,1733134750,1733134750,1733134750,1733134750,1733134750,1733134750,1733134750,1733134750,1733134750,1733134750,1733134750,1733134750,1733134750,1733134750,1733134750,1733134750,1733134750,1733134750,1733134750,1733134750,1733134750,1733134750,1733134750,1733134750,1733134750,1733134750,1733134750,1733134750,1733134750,1733134750,1733134750,1733134750,1733134750,1733134750,1733134750,1733134750,1733134750,1733134750,1733134750,1733134750,1733134750,1733134750,1733134750,1733134755,1733134755,1733134755,1733134755,1733134755,1733134755,1733134755,1733134755,1733134755,1733134755,1733134755,1733134755,1733134755,1733134755,1733134755,1733134755,1733134755,1733134755,1733134755,1733134755,1733134755,1733134755,1733134755,1733134755,1733134755,1733134755,1733134755,1733134755,1733134755,1733134755,1733134755,1733134755,1733134755,1733134755,1733134755,1733134755,1733134755,1733134755,1733134755,1733134755,1733134755,1733134755,1733134755,1733134755,1733134755,1733134755,1733134755,1733134755,1733134755,1733134755,1733134755,1733134755,1733134755,1733134755,1733134755,1733134755,1733134755,1733134755,1733134755,1733134755,1733134755,1733134755,1733134755,1733134755,1733134755,1733134755,1733134755,1733134755,1733134755,1733134755,1733134755,1733134755,1733134755,1733134755,1733134755,1733134755,1733134755,1733134755,1733134755,1733134755,1733134755,1733134755,1733134755,1733134755,1733134755,1733134755,1733134755,1733134755,1733134755,1733134755,1733134755,1733134755,1733134755,1733134755,1733134755,1733134755,1733134755,1733134755,1733134755,1733134755,1733134755,1733134759,1733134759,1733134759,1733134759,1733134759,1733134759,1733134759,1733134759,1733134759,1733134759,1733134759,1733134759,1733134759,1733134759,1733134759,1733134759,1733134759,1733134759,1733134759,1733134759,1733134759,1733134759,1733134759,1733134759,1733134759,1733134759,1733134759,1733134759,1733134759,1733134759,1733134759,1733134759,1733134759,1733134759,1733134759,1733134759,1733134759,1733134759,1733134759,1733134759,1733134759,1733134759,1733134759,1733134759,1733134759,1733134759,1733134759,1733134759,1733134759,1733134759,1733134759,1733134759,1733134759,1733134759,1733134759,1733134759,1733134759,1733134759,1733134759,1733134759,1733134759,1733134759,1733134759,1733134759,1733134759,1733134759,1733134759,1733134759,1733134759,1733134759,1733134759,1733134759,1733134759,1733134759,1733134759,1733134759,1733134759,1733134759,1733134759,1733134759,1733134759,1733134759,1733134759,1733134759,1733134759,1733134759,1733134759,1733134759,1733134759,1733134759,1733134759,1733134759,1733134759,1733134759,1733134759,1733134759,1733134759,1733134759,1733134759,1733134759,1733134759],"boneRot":[{"rotations":[]},{"rotations":[]},{"rotations":[]},{"rotations":[]},{"rotations":[]},{"rotations":[]},{"rotations":[]},{"rotations":[]},{"rotations":[]},{"rotations":[]},{"rotations":[]},{"rotations":[]},{"rotations":[]},{"rotations":[]},{"rotations":[]},{"rotations":[]},{"rotations":[]},{"rotations":[]},{"rotations":[]},{"rotations":[]},{"rotations":[]},{"rotations":[]},{"rotations":[]},{"rotations":[]},{"rotations":[]},{"rotations":[]},{"rotations":[]},{"rotations":[]},{"rotations":[]},{"rotations":[]},{"rotations":[]},{"rotations":[]},{"rotations":[]},{"rotations":[]},{"rotations":[]},{"rotations":[]},{"rotations":[]},{"rotations":[]},{"rotations":[]},{"rotations":[]},{"rotations":[]},{"rotations":[]},{"rotations":[]},{"rotations":[]},{"rotations":[]},{"rotations":[]},{"rotations":[]},{"rotations":[]},{"rotations":[]},{"rotations":[]},{"rotations":[]},{"rotations":[]},{"rotations":[]},{"rotations":[]},{"rotations":[]},{"rotations":[]},{"rotations":[]},{"rotations":[]},{"rotations":[]},{"rotations":[]},{"rotations":[]},{"rotations":[]},{"rotations":[]},{"rotations":[]},{"rotations":[]},{"rotations":[]},{"rotations":[]},{"rotations":[]},{"rotations":[]},{"rotations":[]},{"rotations":[]},{"rotations":[]},{"rotations":[]},{"rotations":[]},{"rotations":[]},{"rotations":[]},{"rotations":[]},{"rotations":[]},{"rotations":[]},{"rotations":[]},{"rotations":[]},{"rotations":[]},{"rotations":[]},{"rotations":[]},{"rotations":[]},{"rotations":[]},{"rotations":[]},{"rotations":[]},{"rotations":[]},{"rotations":[]},{"rotations":[]},{"rotations":[]},{"rotations":[]},{"rotations":[]},{"rotations":[]},{"rotations":[]},{"rotations":[]},{"rotations":[]},{"rotations":[]},{"rotations":[]},{"rotations":[]},{"rotations":[]},{"rotations":[]},{"rotations":[]},{"rotations":[]},{"rotations":[]},{"rotations":[]},{"rotations":[]},{"rotations":[]},{"rotations":[]},{"rotations":[]},{"rotations":[]},{"rotations":[]},{"rotations":[]},{"rotations":[]},{"rotations":[]},{"rotations":[]},{"rotations":[]},{"rotations":[]},{"rotations":[]},{"rotations":[]},{"rotations":[]},{"rotations":[]},{"rotations":[]},{"rotations":[]},{"rotations":[]},{"rotations":[]},{"rotations":[]},{"rotations":[]},{"rotations":[]},{"rotations":[]},{"rotations":[]},{"rotations":[]},{"rotations":[]},{"rotations":[]},{"rotations":[]},{"rotations":[]},{"rotations":[]},{"rotations":[]},{"rotations":[]},{"rotations":[]},{"rotations":[]},{"rotations":[]},{"rotations":[]},{"rotations":[]},{"rotations":[]},{"rotations":[]},{"rotations":[]},{"rotations":[]},{"rotations":[]},{"rotations":[]},{"rotations":[]},{"rotations":[]},{"rotations":[]},{"rotations":[]},{"rotations":[]},{"rotations":[]},{"rotations":[]},{"rotations":[]},{"rotations":[]},{"rotations":[]},{"rotations":[]},{"rotations":[]},{"rotations":[]},{"rotations":[]},{"rotations":[]},{"rotations":[]},{"rotations":[]},{"rotations":[]},{"rotations":[]},{"rotations":[]},{"rotations":[]},{"rotations":[]},{"rotations":[]},{"rotations":[]},{"rotations":[]},{"rotations":[]},{"rotations":[]},{"rotations":[]},{"rotations":[]},{"rotations":[]},{"rotations":[]},{"rotations":[]},{"rotations":[]},{"rotations":[]},{"rotations":[]},{"rotations":[]},{"rotations":[]},{"rotations":[]},{"rotations":[]},{"rotations":[]},{"rotations":[]},{"rotations":[]},{"rotations":[]},{"rotations":[]},{"rotations":[]},{"rotations":[]},{"rotations":[]},{"rotations":[]},{"rotations":[]},{"rotations":[]},{"rotations":[]},{"rotations":[]},{"rotations":[]},{"rotations":[]},{"rotations":[]},{"rotations":[]},{"rotations":[]},{"rotations":[]},{"rotations":[]},{"rotations":[]},{"rotations":[]},{"rotations":[]},{"rotations":[]},{"rotations":[]},{"rotations":[]},{"rotations":[]},{"rotations":[]},{"rotations":[]},{"rotations":[]},{"rotations":[]},{"rotations":[]},{"rotations":[]},{"rotations":[]},{"rotations":[]},{"rotations":[]},{"rotations":[]},{"rotations":[]},{"rotations":[]},{"rotations":[]},{"rotations":[]},{"rotations":[]},{"rotations":[]},{"rotations":[]},{"rotations":[]},{"rotations":[]},{"rotations":[]},{"rotations":[]},{"rotations":[]},{"rotations":[]},{"rotations":[]},{"rotations":[]},{"rotations":[]},{"rotations":[]},{"rotations":[]},{"rotations":[]},{"rotations":[]},{"rotations":[]},{"rotations":[]},{"rotations":[]},{"rotations":[]},{"rotations":[]},{"rotations":[]},{"rotations":[]},{"rotations":[]},{"rotations":[]},{"rotations":[]},{"rotations":[]},{"rotations":[]},{"rotations":[]},{"rotations":[]},{"rotations":[]},{"rotations":[]},{"rotations":[]},{"rotations":[]},{"rotations":[]},{"rotations":[]},{"rotations":[]},{"rotations":[]},{"rotations":[]},{"rotations":[]},{"rotations":[]},{"rotations":[]},{"rotations":[]},{"rotations":[]},{"rotations":[]},{"rotations":[]},{"rotations":[]},{"rotations":[]},{"rotations":[]},{"rotations":[]},{"rotations":[]},{"rotations":[]},{"rotations":[]},{"rotations":[]},{"rotations":[]},{"rotations":[]},{"rotations":[]},{"rotations":[]},{"rotations":[]},{"rotations":[]},{"rotations":[]},{"rotations":[]},{"rotations":[]},{"rotations":[]},{"rotations":[]},{"rotations":[]},{"rotations":[]},{"rotations":[]},{"rotations":[]},{"rotations":[]},{"rotations":[]},{"rotations":[]},{"rotations":[]},{"rotations":[]},{"rotations":[]},{"rotations":[]},{"rotations":[]},{"rotations":[]},{"rotations":[]},{"rotations":[]},{"rotations":[]},{"rotations":[]},{"rotations":[]},{"rotations":[]},{"rotations":[]},{"rotations":[]},{"rotations":[]},{"rotations":[]},{"rotations":[]},{"rotations":[]},{"rotations":[]},{"rotations":[]},{"rotations":[]},{"rotations":[]},{"rotations":[]},{"rotations":[]},{"rotations":[]},{"rotations":[]},{"rotations":[]},{"rotations":[]},{"rotations":[]},{"rotations":[]},{"rotations":[]},{"rotations":[]},{"rotations":[]},{"rotations":[]},{"rotations":[]},{"rotations":[]},{"rotations":[]},{"rotations":[]},{"rotations":[]},{"rotations":[]},{"rotations":[]},{"rotations":[]},{"rotations":[]},{"rotations":[]},{"rotations":[]},{"rotations":[]},{"rotations":[]},{"rotations":[]},{"rotations":[]},{"rotations":[]},{"rotations":[]},{"rotations":[]},{"rotations":[]},{"rotations":[]},{"rotations":[]},{"rotations":[]},{"rotations":[]},{"rotations":[]},{"rotations":[]},{"rotations":[]},{"rotations":[]},{"rotations":[]},{"rotations":[]},{"rotations":[]},{"rotations":[]},{"rotations":[]},{"rotations":[]},{"rotations":[]},{"rotations":[]},{"rotations":[]},{"rotations":[]},{"rotations":[]},{"rotations":[]},{"rotations":[]},{"rotations":[]},{"rotations":[]},{"rotations":[]},{"rotations":[]},{"rotations":[]},{"rotations":[]},{"rotations":[]},{"rotations":[]},{"rotations":[]},{"rotations":[]},{"rotations":[]},{"rotations":[]},{"rotations":[]},{"rotations":[]},{"rotations":[]},{"rotations":[]},{"rotations":[]},{"rotations":[]},{"rotations":[]},{"rotations":[]},{"rotations":[]},{"rotations":[]},{"rotations":[]},{"rotations":[]},{"rotations":[]},{"rotations":[]},{"rotations":[]},{"rotations":[]},{"rotations":[]},{"rotations":[]},{"rotations":[]},{"rotations":[]},{"rotations":[]},{"rotations":[]},{"rotations":[]},{"rotations":[]},{"rotations":[]},{"rotations":[]},{"rotations":[]},{"rotations":[]},{"rotations":[]},{"rotations":[]},{"rotations":[]},{"rotations":[]},{"rotations":[]},{"rotations":[]},{"rotations":[]},{"rotations":[]},{"rotations":[]},{"rotations":[]},{"rotations":[]},{"rotations":[]},{"rotations":[]},{"rotations":[]},{"rotations":[]},{"rotations":[]},{"rotations":[]},{"rotations":[]},{"rotations":[]},{"rotations":[]},{"rotations":[]},{"rotations":[]},{"rotations":[]},{"rotations":[]},{"rotations":[]},{"rotations":[]},{"rotations":[]},{"rotations":[]},{"rotations":[]},{"rotations":[]},{"rotations":[]},{"rotations":[]},{"rotations":[]},{"rotations":[]},{"rotations":[]},{"rotations":[]},{"rotations":[]},{"rotations":[]},{"rotations":[]},{"rotations":[]},{"rotations":[]},{"rotations":[]},{"rotations":[]},{"rotations":[]},{"rotations":[]},{"rotations":[]},{"rotations":[]},{"rotations":[]},{"rotations":[]},{"rotations":[]},{"rotations":[]},{"rotations":[]},{"rotations":[]},{"rotations":[]},{"rotations":[]},{"rotations":[]},{"rotations":[]},{"rotations":[]},{"rotations":[]},{"rotations":[]},{"rotations":[]},{"rotations":[]},{"rotations":[]},{"rotations":[]},{"rotations":[]},{"rotations":[]},{"rotations":[]},{"rotations":[]},{"rotations":[]},{"rotations":[]},{"rotations":[]},{"rotations":[]},{"rotations":[]},{"rotations":[]},{"rotations":[]},{"rotations":[]},{"rotations":[]},{"rotations":[]},{"rotations":[]},{"rotations":[]},{"rotations":[]},{"rotations":[]},{"rotations":[]},{"rotations":[]},{"rotations":[]},{"rotations":[]},{"rotations":[]},{"rotations":[]},{"rotations":[]},{"rotations":[]},{"rotations":[]},{"rotations":[]},{"rotations":[]},{"rotations":[]},{"rotations":[]},{"rotations":[]},{"rotations":[]},{"rotations":[]},{"rotations":[]},{"rotations":[]},{"rotations":[]},{"rotations":[]},{"rotations":[]},{"rotations":[]},{"rotations":[]},{"rotations":[]},{"rotations":[]},{"rotations":[]},{"rotations":[]},{"rotations":[]},{"rotations":[]},{"rotations":[]},{"rotations":[]},{"rotations":[]},{"rotations":[]},{"rotations":[]},{"rotations":[]},{"rotations":[]},{"rotations":[]},{"rotations":[]},{"rotations":[]},{"rotations":[]},{"rotations":[]},{"rotations":[]},{"rotations":[]},{"rotations":[]},{"rotations":[]},{"rotations":[]},{"rotations":[]},{"rotations":[]},{"rotations":[]},{"rotations":[]},{"rotations":[]},{"rotations":[]},{"rotations":[]},{"rotations":[]},{"rotations":[]},{"rotations":[]},{"rotations":[]},{"rotations":[]},{"rotations":[]},{"rotations":[]},{"rotations":[]},{"rotations":[]},{"rotations":[]},{"rotations":[]},{"rotations":[]},{"rotations":[]},{"rotations":[]},{"rotations":[]},{"rotations":[]},{"rotations":[]},{"rotations":[]},{"rotations":[]},{"rotations":[]},{"rotations":[]},{"rotations":[]},{"rotations":[]},{"rotations":[]},{"rotations":[]},{"rotations":[]},{"rotations":[]},{"rotations":[]},{"rotations":[]},{"rotations":[]},{"rotations":[]},{"rotations":[]},{"rotations":[]},{"rotations":[]},{"rotations":[]},{"rotations":[]},{"rotations":[]},{"rotations":[]},{"rotations":[]},{"rotations":[]},{"rotations":[]},{"rotations":[]},{"rotations":[]},{"rotations":[]},{"rotations":[]},{"rotations":[]},{"rotations":[]},{"rotations":[]},{"rotations":[]},{"rotations":[]},{"rotations":[]},{"rotations":[]},{"rotations":[]},{"rotations":[]},{"rotations":[]},{"rotations":[]},{"rotations":[]},{"rotations":[]},{"rotations":[]},{"rotations":[]},{"rotations":[]},{"rotations":[]},{"rotations":[]},{"rotations":[]},{"rotations":[]},{"rotations":[]},{"rotations":[]},{"rotations":[]},{"rotations":[]},{"rotations":[]},{"rotations":[]},{"rotations":[]},{"rotations":[]},{"rotations":[]},{"rotations":[]},{"rotations":[]},{"rotations":[]},{"rotations":[]},{"rotations":[]},{"rotations":[]},{"rotations":[]},{"rotations":[]},{"rotations":[]},{"rotations":[]},{"rotations":[]},{"rotations":[]},{"rotations":[]},{"rotations":[]},{"rotations":[]},{"rotations":[]},{"rotations":[]},{"rotations":[]},{"rotations":[]},{"rotations":[]},{"rotations":[]},{"rotations":[]},{"rotations":[]},{"rotations":[]},{"rotations":[]},{"rotations":[]},{"rotations":[]},{"rotations":[]},{"rotations":[]},{"rotations":[]},{"rotations":[]},{"rotations":[]},{"rotations":[]},{"rotations":[]},{"rotations":[]},{"rotations":[]},{"rotations":[]},{"rotations":[]},{"rotations":[]},{"rotations":[]},{"rotations":[]},{"rotations":[]},{"rotations":[]},{"rotations":[]},{"rotations":[]},{"rotations":[]},{"rotations":[]},{"rotations":[]},{"rotations":[]},{"rotations":[]},{"rotations":[]},{"rotations":[]},{"rotations":[]},{"rotations":[]},{"rotations":[]},{"rotations":[]},{"rotations":[]},{"rotations":[]},{"rotations":[]},{"rotations":[]},{"rotations":[]},{"rotations":[]},{"rotations":[]},{"rotations":[]},{"rotations":[]},{"rotations":[]},{"rotations":[]},{"rotations":[]},{"rotations":[]},{"rotations":[]},{"rotations":[]},{"rotations":[]},{"rotations":[]},{"rotations":[]},{"rotations":[]},{"rotations":[]},{"rotations":[]},{"rotations":[]},{"rotations":[]},{"rotations":[]},{"rotations":[]},{"rotations":[]},{"rotations":[]},{"rotations":[]},{"rotations":[]},{"rotations":[]},{"rotations":[]},{"rotations":[]},{"rotations":[]},{"rotations":[]},{"rotations":[]},{"rotations":[]},{"rotations":[]},{"rotations":[]},{"rotations":[]},{"rotations":[]},{"rotations":[]},{"rotations":[]},{"rotations":[]},{"rotations":[]},{"rotations":[]},{"rotations":[]},{"rotations":[]},{"rotations":[]},{"rotations":[]},{"rotations":[]},{"rotations":[]},{"rotations":[]},{"rotations":[]},{"rotations":[]},{"rotations":[]},{"rotations":[]},{"rotations":[]},{"rotations":[]},{"rotations":[]},{"rotations":[]},{"rotations":[]},{"rotations":[]},{"rotations":[]},{"rotations":[]},{"rotations":[]},{"rotations":[]},{"rotations":[]},{"rotations":[]},{"rotations":[]},{"rotations":[]},{"rotations":[]},{"rotations":[]},{"rotations":[]},{"rotations":[]},{"rotations":[]},{"rotations":[]},{"rotations":[]},{"rotations":[]},{"rotations":[]},{"rotations":[]},{"rotations":[]},{"rotations":[]},{"rotations":[]},{"rotations":[]},{"rotations":[]},{"rotations":[]},{"rotations":[]},{"rotations":[]},{"rotations":[]},{"rotations":[]},{"rotations":[]},{"rotations":[]},{"rotations":[]},{"rotations":[]},{"rotations":[]},{"rotations":[]},{"rotations":[]},{"rotations":[]},{"rotations":[]},{"rotations":[]},{"rotations":[]},{"rotations":[]},{"rotations":[]},{"rotations":[]},{"rotations":[]},{"rotations":[]},{"rotations":[]},{"rotations":[]},{"rotations":[]},{"rotations":[]},{"rotations":[]},{"rotations":[]},{"rotations":[]},{"rotations":[]},{"rotations":[]},{"rotations":[]},{"rotations":[]},{"rotations":[]},{"rotations":[]},{"rotations":[]},{"rotations":[]},{"rotations":[]},{"rotations":[]},{"rotations":[]},{"rotations":[]},{"rotations":[]},{"rotations":[]},{"rotations":[]},{"rotations":[]},{"rotations":[]},{"rotations":[]},{"rotations":[]},{"rotations":[]},{"rotations":[]},{"rotations":[]},{"rotations":[]},{"rotations":[]},{"rotations":[]},{"rotations":[]},{"rotations":[]},{"rotations":[]},{"rotations":[]},{"rotations":[]},{"rotations":[]},{"rotations":[]},{"rotations":[]},{"rotations":[]},{"rotations":[]},{"rotations":[]},{"rotations":[]},{"rotations":[]},{"rotations":[]},{"rotations":[]},{"rotations":[]},{"rotations":[]},{"rotations":[]},{"rotations":[]},{"rotations":[]},{"rotations":[]},{"rotations":[]},{"rotations":[]},{"rotations":[]},{"rotations":[]},{"rotations":[]},{"rotations":[]},{"rotations":[]},{"rotations":[]},{"rotations":[]},{"rotations":[]},{"rotations":[]},{"rotations":[]},{"rotations":[]},{"rotations":[]},{"rotations":[]},{"rotations":[]},{"rotations":[]},{"rotations":[]},{"rotations":[]},{"rotations":[]},{"rotations":[]},{"rotations":[]},{"rotations":[]},{"rotations":[]},{"rotations":[]},{"rotations":[]},{"rotations":[]},{"rotations":[]},{"rotations":[]},{"rotations":[]},{"rotations":[]},{"rotations":[]},{"rotations":[]},{"rotations":[]},{"rotations":[]},{"rotations":[]},{"rotations":[]},{"rotations":[]},{"rotations":[]},{"rotations":[]},{"rotations":[]},{"rotations":[]},{"rotations":[]},{"rotations":[]},{"rotations":[]},{"rotations":[]},{"rotations":[]},{"rotations":[]},{"rotations":[]},{"rotations":[]},{"rotations":[]},{"rotations":[]},{"rotations":[]},{"rotations":[]},{"rotations":[]},{"rotations":[]},{"rotations":[]},{"rotations":[]},{"rotations":[]},{"rotations":[]},{"rotations":[]},{"rotations":[]},{"rotations":[]},{"rotations":[]},{"rotations":[]},{"rotations":[]},{"rotations":[]},{"rotations":[]}]}